,WIFI1,WIFI2,WIFI3,WIFI4,WIFI5,WIFI6,WIFI7,room
0,-64,-56,-61,-66,-71,-82,-81,1
2,-63,-60,-60,-67,-76,-85,-84,1
3,-61,-60,-68,-62,-77,-90,-80,1
4,-63,-65,-60,-63,-77,-81,-87,1
5,-64,-55,-63,-66,-76,-88,-83,1
8,-65,-60,-59,-63,-76,-86,-82,1
9,-62,-60,-66,-68,-80,-86,-91,1
10,-67,-61,-62,-67,-77,-83,-91,1
11,-65,-59,-61,-67,-72,-86,-81,1
13,-66,-60,-65,-62,-70,-85,-83,1
15,-67,-60,-59,-61,-71,-86,-91,1
16,-63,-56,-60,-62,-70,-84,-91,1
17,-60,-54,-59,-65,-73,-83,-84,1
18,-60,-58,-60,-61,-73,-84,-88,1
19,-62,-59,-63,-64,-70,-84,-84,1
20,-63,-59,-64,-66,-72,-84,-90,1
21,-65,-59,-66,-65,-68,-82,-85,1
22,-63,-56,-63,-65,-72,-82,-89,1
23,-67,-60,-66,-65,-75,-86,-87,1
24,-63,-57,-67,-66,-79,-86,-89,1
26,-65,-61,-64,-68,-77,-86,-89,1
27,-66,-57,-65,-69,-78,-85,-85,1
28,-67,-57,-64,-71,-75,-89,-87,1
29,-65,-62,-62,-65,-77,-84,-85,1
30,-61,-54,-60,-61,-74,-87,-83,1
31,-65,-53,-60,-62,-69,-85,-83,1
32,-66,-55,-63,-65,-68,-85,-90,1
33,-63,-57,-59,-67,-71,-82,-93,1
35,-64,-57,-62,-67,-68,-83,-84,1
36,-68,-63,-68,-64,-74,-86,-84,1
37,-70,-62,-68,-65,-81,-89,-83,1
40,-66,-59,-65,-68,-75,-88,-84,1
44,-66,-62,-64,-68,-73,-89,-83,1
45,-68,-58,-65,-67,-83,-89,-86,1
46,-65,-58,-62,-67,-77,-86,-91,1
48,-65,-56,-63,-71,-77,-89,-85,1
51,-68,-57,-64,-68,-77,-88,-85,1
53,-66,-69,-63,-69,-79,-88,-86,1
54,-68,-57,-62,-68,-77,-91,-86,1
55,-62,-58,-61,-68,-70,-85,-86,1
56,-63,-58,-66,-68,-75,-90,-93,1
58,-64,-51,-57,-67,-68,-84,-82,1
59,-62,-56,-61,-67,-67,-81,-85,1
61,-64,-54,-58,-69,-65,-86,-86,1
63,-64,-54,-61,-63,-65,-88,-86,1
64,-58,-54,-61,-66,-75,-87,-86,1
65,-63,-55,-63,-68,-77,-87,-89,1
66,-64,-56,-64,-65,-75,-85,-90,1
67,-64,-56,-64,-67,-77,-81,-85,1
68,-63,-57,-65,-69,-77,-81,-85,1
69,-63,-61,-61,-68,-72,-87,-92,1
70,-59,-55,-62,-64,-68,-77,-86,1
72,-66,-58,-56,-66,-79,-86,-93,1
73,-63,-59,-58,-64,-74,-82,-90,1
75,-59,-60,-57,-62,-67,-80,-84,1
77,-61,-55,-63,-64,-69,-83,-82,1
79,-65,-60,-60,-62,-75,-83,-79,1
80,-65,-56,-65,-63,-68,-82,-93,1
81,-63,-60,-69,-65,-71,-85,-86,1
82,-62,-57,-60,-65,-72,-83,-87,1
85,-67,-56,-62,-70,-69,-86,-84,1
86,-67,-61,-63,-64,-71,-85,-84,1
87,-71,-62,-65,-68,-83,-85,-86,1
88,-68,-64,-66,-73,-81,-86,-83,1
89,-68,-63,-65,-74,-81,-84,-89,1
90,-70,-64,-63,-69,-83,-85,-87,1
91,-72,-63,-64,-70,-81,-85,-87,1
93,-73,-61,-65,-65,-77,-89,-90,1
94,-73,-63,-65,-70,-80,-89,-93,1
98,-70,-64,-66,-73,-78,-87,-94,1
99,-72,-62,-63,-76,-81,-84,-91,1
100,-72,-59,-65,-75,-81,-84,-91,1
101,-69,-59,-59,-65,-78,-86,-87,1
102,-57,-58,-65,-62,-77,-80,-87,1
103,-63,-55,-62,-66,-76,-89,-85,1
107,-62,-55,-57,-62,-70,-82,-86,1
108,-65,-54,-57,-66,-70,-82,-80,1
111,-65,-55,-55,-67,-63,-82,-89,1
112,-59,-57,-62,-61,-68,-80,-83,1
113,-65,-59,-65,-63,-68,-80,-83,1
114,-63,-58,-62,-71,-74,-92,-94,1
115,-63,-59,-61,-62,-78,-90,-82,1
116,-65,-60,-67,-66,-68,-84,-89,1
117,-65,-58,-67,-67,-70,-87,-84,1
118,-65,-58,-70,-66,-71,-85,-83,1
119,-65,-59,-65,-67,-89,-85,-83,1
120,-63,-58,-64,-66,-70,-81,-91,1
121,-61,-54,-56,-59,-68,-82,-83,1
122,-59,-54,-59,-59,-67,-86,-80,1
123,-62,-56,-56,-61,-68,-81,-86,1
124,-61,-51,-58,-62,-71,-80,-84,1
125,-59,-54,-56,-62,-67,-81,-82,1
126,-58,-54,-58,-62,-75,-81,-81,1
127,-57,-53,-59,-64,-71,-80,-79,1
129,-62,-54,-56,-64,-75,-88,-85,1
130,-62,-58,-57,-62,-72,-81,-81,1
132,-65,-50,-51,-57,-70,-80,-79,1
133,-63,-48,-51,-59,-69,-77,-82,1
134,-63,-51,-50,-63,-67,-83,-79,1
135,-61,-53,-54,-58,-71,-82,-86,1
136,-56,-53,-58,-64,-71,-84,-87,1
137,-58,-54,-62,-66,-76,-83,-86,1
139,-64,-59,-68,-67,-74,-82,-82,1
142,-64,-54,-65,-63,-71,-85,-89,1
143,-63,-57,-65,-71,-75,-82,-86,1
144,-62,-56,-64,-69,-75,-81,-84,1
145,-63,-58,-65,-66,-78,-81,-88,1
147,-65,-60,-65,-66,-73,-84,-93,1
148,-63,-58,-64,-67,-74,-87,-87,1
149,-64,-59,-66,-63,-74,-87,-87,1
151,-62,-55,-63,-61,-68,-81,-83,1
152,-60,-54,-57,-66,-64,-81,-83,1
155,-60,-59,-58,-63,-72,-82,-79,1
156,-62,-55,-61,-60,-63,-84,-80,1
158,-56,-50,-56,-62,-61,-79,-85,1
160,-58,-55,-58,-61,-67,-78,-80,1
162,-60,-53,-59,-64,-70,-80,-90,1
163,-60,-56,-58,-65,-70,-80,-87,1
164,-59,-54,-59,-64,-74,-80,-81,1
165,-62,-55,-58,-68,-69,-83,-88,1
166,-62,-58,-59,-66,-68,-87,-88,1
168,-56,-47,-56,-61,-67,-78,-88,1
170,-62,-51,-61,-71,-67,-79,-80,1
171,-58,-54,-58,-58,-67,-84,-88,1
172,-57,-54,-56,-56,-68,-79,-82,1
173,-56,-54,-58,-62,-68,-77,-81,1
178,-59,-49,-53,-59,-62,-81,-83,1
179,-60,-52,-51,-59,-73,-79,-81,1
180,-57,-56,-56,-61,-70,-77,-77,1
181,-57,-57,-59,-61,-67,-80,-83,1
182,-62,-50,-61,-64,-73,-80,-81,1
183,-62,-54,-62,-68,-80,-80,-78,1
184,-63,-57,-63,-64,-73,-86,-81,1
186,-61,-55,-59,-58,-66,-79,-78,1
188,-56,-53,-64,-61,-72,-84,-81,1
189,-57,-53,-56,-58,-68,-75,-80,1
190,-60,-55,-60,-59,-67,-81,-87,1
191,-62,-56,-57,-63,-69,-87,-91,1
192,-58,-59,-56,-64,-68,-82,-87,1
193,-63,-56,-61,-61,-68,-83,-87,1
194,-64,-57,-63,-59,-69,-82,-86,1
195,-64,-61,-62,-65,-70,-85,-87,1
196,-61,-58,-60,-61,-74,-78,-83,1
197,-65,-56,-63,-66,-80,-83,-88,1
199,-62,-49,-59,-63,-62,-80,-79,1
201,-62,-52,-57,-60,-70,-81,-74,1
202,-65,-53,-53,-57,-64,-87,-80,1
203,-59,-51,-58,-57,-64,-76,-85,1
205,-62,-50,-57,-59,-72,-82,-84,1
206,-56,-51,-62,-62,-71,-77,-82,1
207,-57,-56,-58,-58,-66,-85,-80,1
208,-58,-54,-61,-59,-68,-78,-76,1
209,-62,-56,-61,-65,-74,-78,-76,1
210,-60,-54,-61,-65,-70,-82,-88,1
211,-62,-63,-62,-65,-68,-87,-86,1
212,-62,-57,-61,-64,-68,-82,-82,1
213,-60,-58,-57,-65,-69,-80,-89,1
215,-60,-53,-59,-64,-65,-76,-81,1
217,-59,-55,-61,-65,-68,-84,-84,1
218,-58,-49,-55,-60,-70,-78,-80,1
219,-62,-49,-56,-63,-67,-78,-80,1
220,-63,-48,-54,-65,-67,-82,-80,1
222,-62,-55,-59,-63,-72,-76,-87,1
223,-61,-50,-59,-67,-65,-79,-86,1
224,-66,-56,-54,-69,-65,-82,-82,1
225,-63,-54,-55,-67,-71,-82,-87,1
226,-60,-57,-58,-64,-70,-84,-79,1
227,-61,-56,-58,-67,-68,-80,-81,1
229,-66,-58,-58,-68,-73,-85,-78,1
230,-66,-56,-57,-66,-73,-84,-87,1
231,-63,-54,-55,-64,-72,-84,-81,1
232,-58,-53,-58,-64,-73,-82,-82,1
233,-58,-48,-59,-59,-64,-84,-77,1
234,-56,-55,-59,-68,-74,-84,-79,1
235,-59,-54,-63,-72,-75,-81,-78,1
236,-58,-56,-61,-66,-75,-84,-78,1
237,-61,-54,-57,-67,-67,-82,-84,1
238,-62,-56,-67,-63,-68,-82,-86,1
239,-59,-54,-56,-65,-74,-79,-85,1
240,-58,-59,-59,-65,-65,-82,-94,1
241,-63,-54,-61,-66,-73,-84,-88,1
242,-63,-57,-58,-62,-73,-86,-85,1
243,-64,-52,-63,-62,-71,-84,-79,1
244,-62,-57,-58,-65,-71,-87,-86,1
245,-57,-56,-60,-58,-70,-79,-84,1
246,-57,-54,-57,-61,-62,-80,-79,1
248,-62,-59,-61,-59,-69,-82,-83,1
249,-56,-56,-62,-64,-70,-79,-86,1
250,-57,-52,-60,-61,-66,-81,-85,1
251,-59,-55,-58,-61,-67,-77,-79,1
252,-57,-56,-59,-59,-64,-79,-78,1
253,-58,-58,-61,-59,-69,-81,-80,1
254,-62,-58,-57,-58,-69,-94,-77,1
256,-62,-55,-58,-62,-67,-81,-77,1
257,-59,-54,-60,-60,-66,-83,-78,1
258,-63,-55,-63,-62,-68,-89,-85,1
259,-63,-59,-61,-61,-66,-79,-80,1
260,-59,-57,-59,-64,-73,-79,-84,1
263,-60,-55,-58,-61,-72,-83,-82,1
266,-59,-57,-63,-66,-65,-82,-78,1
268,-65,-56,-60,-66,-74,-89,-90,1
269,-61,-56,-63,-62,-73,-87,-91,1
270,-62,-59,-61,-66,-75,-86,-80,1
271,-63,-52,-61,-64,-75,-80,-83,1
272,-58,-51,-59,-63,-69,-81,-80,1
273,-61,-56,-65,-65,-66,-77,-81,1
274,-61,-56,-62,-67,-66,-81,-88,1
275,-59,-55,-63,-67,-66,-82,-86,1
276,-62,-55,-65,-59,-69,-86,-87,1
277,-61,-54,-64,-59,-68,-86,-88,1
278,-61,-56,-65,-59,-68,-86,-88,1
279,-61,-57,-65,-59,-67,-86,-87,1
281,-61,-59,-63,-60,-69,-87,-88,1
282,-63,-58,-66,-63,-68,-87,-83,1
283,-63,-57,-59,-66,-71,-82,-83,1
284,-59,-52,-61,-61,-76,-75,-78,1
285,-65,-62,-60,-65,-68,-83,-82,1
286,-66,-53,-58,-63,-69,-81,-80,1
288,-60,-56,-62,-61,-69,-82,-81,1
292,-59,-56,-58,-68,-62,-80,-81,1
294,-58,-53,-61,-62,-64,-78,-81,1
295,-59,-60,-61,-66,-66,-81,-85,1
298,-62,-53,-58,-65,-67,-82,-84,1
299,-60,-59,-61,-62,-68,-81,-85,1
301,-61,-55,-62,-62,-65,-82,-81,1
302,-57,-55,-58,-64,-65,-87,-79,1
303,-61,-52,-54,-63,-64,-84,-82,1
304,-61,-54,-54,-67,-60,-81,-83,1
305,-59,-57,-53,-61,-63,-79,-87,1
308,-59,-54,-58,-59,-63,-81,-80,1
310,-61,-54,-64,-63,-68,-83,-81,1
312,-67,-56,-65,-68,-69,-83,-82,1
313,-63,-57,-60,-64,-72,-80,-78,1
317,-64,-66,-54,-67,-70,-83,-82,1
318,-62,-63,-57,-69,-71,-82,-82,1
319,-64,-64,-58,-75,-68,-82,-80,1
320,-64,-62,-57,-69,-67,-77,-81,1
321,-63,-63,-57,-68,-71,-79,-82,1
322,-61,-55,-58,-67,-69,-84,-86,1
323,-65,-51,-59,-61,-66,-81,-84,1
324,-61,-58,-60,-64,-73,-81,-82,1
325,-64,-55,-62,-66,-65,-85,-81,1
327,-59,-55,-56,-64,-69,-83,-84,1
329,-60,-56,-56,-64,-67,-84,-85,1
331,-59,-52,-61,-57,-69,-83,-78,1
335,-58,-52,-64,-64,-66,-88,-83,1
336,-59,-51,-64,-57,-69,-80,-80,1
337,-58,-50,-59,-58,-68,-80,-81,1
339,-58,-50,-55,-54,-61,-84,-87,1
340,-60,-58,-56,-65,-68,-79,-86,1
341,-62,-56,-59,-58,-67,-78,-79,1
342,-62,-59,-62,-60,-68,-80,-89,1
343,-61,-58,-64,-61,-64,-78,-82,1
344,-61,-59,-62,-61,-66,-80,-88,1
346,-60,-58,-57,-59,-66,-82,-83,1
347,-61,-54,-60,-62,-66,-79,-85,1
350,-61,-56,-61,-74,-69,-87,-89,1
351,-66,-55,-60,-69,-66,-85,-87,1
353,-66,-58,-64,-67,-71,-85,-87,1
355,-60,-56,-59,-66,-68,-81,-83,1
356,-59,-53,-58,-66,-65,-82,-78,1
357,-62,-54,-60,-61,-71,-86,-80,1
359,-62,-57,-58,-63,-70,-85,-86,1
362,-64,-55,-60,-74,-66,-87,-87,1
363,-65,-57,-62,-70,-67,-85,-87,1
364,-64,-57,-60,-70,-69,-86,-83,1
366,-64,-56,-61,-73,-66,-88,-83,1
368,-60,-53,-60,-67,-64,-81,-79,1
369,-61,-60,-60,-65,-67,-82,-78,1
370,-63,-58,-62,-65,-68,-81,-74,1
371,-59,-56,-61,-66,-71,-83,-82,1
376,-63,-57,-63,-64,-67,-81,-83,1
377,-66,-57,-64,-61,-69,-82,-88,1
378,-64,-57,-60,-60,-65,-80,-91,1
379,-58,-50,-61,-68,-64,-85,-91,1
380,-59,-58,-62,-67,-65,-80,-83,1
382,-65,-58,-61,-62,-71,-81,-86,1
383,-63,-59,-60,-65,-69,-81,-84,1
384,-65,-59,-61,-67,-70,-80,-83,1
385,-66,-57,-59,-64,-69,-82,-84,1
386,-62,-57,-60,-61,-69,-93,-90,1
387,-63,-58,-58,-64,-66,-81,-83,1
389,-62,-56,-57,-64,-65,-85,-83,1
391,-62,-55,-54,-62,-69,-79,-81,1
392,-62,-53,-59,-62,-66,-82,-87,1
393,-65,-56,-62,-62,-68,-83,-90,1
394,-65,-54,-60,-64,-65,-87,-82,1
395,-60,-53,-60,-61,-69,-81,-83,1
396,-59,-56,-62,-59,-67,-75,-78,1
397,-61,-52,-60,-61,-68,-80,-84,1
398,-64,-60,-63,-63,-72,-86,-84,1
399,-62,-51,-58,-65,-72,-80,-88,1
400,-60,-54,-56,-64,-70,-78,-80,1
401,-62,-53,-62,-64,-68,-79,-82,1
404,-66,-52,-63,-63,-68,-80,-87,1
406,-62,-56,-61,-63,-65,-83,-89,1
407,-61,-51,-60,-63,-66,-82,-87,1
409,-64,-55,-54,-64,-68,-89,-81,1
410,-65,-54,-56,-64,-66,-79,-81,1
411,-66,-56,-59,-62,-67,-80,-78,1
413,-62,-64,-62,-65,-75,-82,-86,1
414,-61,-56,-63,-77,-67,-82,-96,1
416,-60,-54,-59,-65,-66,-83,-84,1
417,-61,-58,-58,-62,-66,-81,-81,1
420,-64,-57,-63,-59,-68,-82,-83,1
421,-63,-57,-66,-63,-68,-82,-82,1
422,-58,-57,-66,-61,-68,-85,-83,1
423,-61,-56,-67,-61,-69,-82,-87,1
424,-60,-56,-67,-62,-69,-82,-86,1
425,-61,-56,-66,-65,-71,-85,-88,1
427,-61,-56,-64,-61,-72,-83,-86,1
428,-60,-57,-63,-62,-72,-85,-86,1
431,-61,-58,-60,-62,-70,-81,-85,1
432,-65,-61,-63,-63,-69,-82,-84,1
434,-67,-56,-60,-66,-73,-93,-87,1
435,-66,-55,-64,-71,-75,-94,-83,1
436,-65,-57,-63,-71,-76,-87,-86,1
440,-67,-65,-67,-68,-75,-87,-84,1
443,-62,-53,-57,-60,-69,-87,-86,1
444,-61,-56,-60,-58,-67,-79,-82,1
445,-65,-54,-65,-70,-74,-83,-82,1
446,-67,-57,-67,-68,-75,-85,-80,1
447,-67,-55,-68,-67,-74,-83,-83,1
448,-68,-57,-66,-69,-76,-81,-82,1
453,-68,-55,-67,-70,-76,-82,-81,1
454,-68,-56,-66,-69,-75,-82,-83,1
456,-67,-56,-67,-70,-74,-81,-82,1
457,-69,-59,-70,-67,-75,-82,-82,1
458,-63,-58,-59,-65,-74,-86,-84,1
461,-68,-57,-60,-61,-73,-87,-87,1
462,-66,-56,-60,-63,-74,-87,-93,1
463,-69,-58,-56,-61,-73,-81,-93,1
466,-65,-57,-60,-64,-74,-81,-90,1
467,-66,-57,-60,-68,-74,-82,-88,1
468,-66,-57,-64,-62,-68,-87,-88,1
470,-66,-58,-64,-63,-73,-83,-86,1
473,-66,-58,-61,-63,-73,-81,-85,1
474,-66,-60,-62,-62,-70,-82,-85,1
479,-58,-56,-51,-59,-65,-81,-84,1
482,-55,-53,-57,-67,-64,-80,-78,1
483,-57,-53,-54,-61,-73,-86,-81,1
486,-62,-55,-64,-61,-60,-81,-77,1
487,-60,-51,-61,-63,-64,-86,-81,1
490,-59,-52,-58,-65,-66,-82,-80,1
491,-64,-52,-57,-61,-66,-82,-81,1
492,-64,-50,-55,-63,-66,-78,-82,1
494,-61,-52,-58,-59,-70,-76,-79,1
495,-62,-53,-55,-60,-68,-76,-79,1
496,-62,-51,-54,-60,-74,-74,-82,1
497,-61,-57,-58,-62,-67,-78,-76,1
498,-59,-50,-56,-59,-62,-78,-79,1
499,-59,-49,-57,-58,-65,-76,-79,1
504,-38,-55,-53,-37,-72,-71,-73,2
507,-37,-59,-57,-38,-69,-68,-73,2
508,-37,-61,-61,-37,-71,-68,-73,2
509,-37,-56,-56,-38,-68,-70,-66,2
513,-40,-56,-58,-42,-67,-62,-71,2
515,-43,-55,-55,-39,-69,-67,-71,2
516,-41,-56,-56,-38,-72,-67,-70,2
517,-41,-56,-60,-39,-72,-74,-66,2
518,-44,-52,-60,-37,-66,-67,-73,2
519,-43,-55,-63,-37,-64,-67,-76,2
520,-40,-59,-57,-43,-74,-65,-66,2
527,-19,-59,-67,-35,-65,-66,-74,2
528,-18,-63,-62,-38,-72,-71,-73,2
529,-14,-58,-60,-38,-74,-74,-73,2
530,-17,-66,-61,-37,-68,-75,-77,2
531,-16,-70,-58,-14,-73,-71,-80,2
532,-19,-62,-56,-13,-74,-72,-77,2
533,-18,-62,-56,-15,-71,-70,-79,2
534,-18,-62,-59,-14,-73,-71,-78,2
535,-17,-63,-60,-14,-72,-72,-77,2
536,-17,-61,-60,-15,-72,-69,-79,2
537,-17,-74,-60,-15,-73,-71,-80,2
538,-16,-59,-60,-35,-69,-81,-78,2
539,-12,-60,-62,-14,-71,-77,-71,2
541,-21,-61,-62,-16,-76,-74,-74,2
542,-36,-57,-60,-20,-71,-74,-74,2
543,-39,-56,-58,-37,-64,-76,-72,2
544,-36,-57,-61,-38,-63,-79,-71,2
545,-38,-60,-57,-38,-65,-79,-76,2
550,-41,-53,-49,-38,-71,-69,-75,2
553,-41,-58,-53,-38,-65,-79,-72,2
555,-41,-59,-53,-40,-69,-80,-78,2
556,-46,-58,-59,-40,-71,-78,-76,2
559,-41,-58,-58,-42,-64,-79,-80,2
560,-39,-56,-55,-41,-62,-69,-75,2
561,-38,-53,-53,-43,-78,-69,-75,2
562,-45,-58,-55,-38,-68,-76,-75,2
563,-40,-56,-53,-50,-71,-79,-78,2
565,-45,-57,-58,-45,-77,-78,-80,2
566,-48,-58,-57,-45,-73,-86,-92,2
567,-38,-58,-60,-42,-66,-82,-79,2
568,-45,-58,-58,-40,-70,-86,-80,2
571,-41,-59,-54,-41,-58,-80,-80,2
572,-43,-59,-54,-39,-63,-79,-87,2
574,-48,-56,-54,-39,-67,-78,-82,2
575,-43,-58,-56,-43,-67,-78,-82,2
576,-41,-57,-55,-43,-65,-71,-76,2
577,-39,-56,-54,-48,-61,-78,-67,2
578,-38,-54,-50,-42,-60,-71,-67,2
579,-38,-56,-53,-47,-61,-72,-83,2
581,-38,-50,-71,-39,-68,-78,-74,2
583,-37,-50,-53,-42,-65,-72,-71,2
587,-40,-55,-47,-47,-64,-75,-79,2
588,-39,-56,-53,-40,-69,-75,-72,2
592,-38,-63,-61,-43,-64,-76,-76,2
595,-39,-57,-55,-37,-67,-70,-73,2
596,-35,-58,-59,-40,-75,-75,-73,2
597,-19,-59,-55,-37,-73,-72,-66,2
598,-20,-56,-55,-37,-61,-79,-72,2
599,-35,-54,-55,-40,-61,-79,-73,2
601,-15,-60,-59,-37,-65,-74,-73,2
602,-18,-60,-59,-17,-68,-75,-75,2
603,-19,-63,-66,-20,-79,-73,-72,2
604,-14,-59,-64,-16,-79,-76,-72,2
607,-12,-60,-68,-15,-74,-73,-70,2
610,-27,-59,-56,-38,-62,-75,-79,2
611,-41,-58,-66,-41,-73,-71,-79,2
613,-38,-56,-55,-39,-75,-71,-75,2
614,-38,-62,-57,-41,-77,-65,-68,2
615,-41,-57,-64,-42,-74,-69,-70,2
616,-43,-59,-63,-40,-74,-66,-64,2
619,-44,-57,-64,-40,-75,-69,-64,2
621,-44,-57,-62,-41,-75,-65,-68,2
623,-41,-59,-65,-47,-75,-68,-66,2
624,-40,-63,-67,-40,-75,-70,-70,2
627,-36,-59,-57,-19,-70,-69,-75,2
629,-35,-57,-54,-35,-64,-78,-76,2
631,-42,-56,-52,-36,-75,-68,-81,2
632,-39,-51,-64,-38,-71,-78,-78,2
633,-43,-53,-53,-38,-63,-76,-73,2
634,-40,-56,-56,-38,-66,-77,-74,2
635,-41,-59,-53,-40,-62,-72,-76,2
636,-42,-59,-57,-51,-62,-72,-76,2
637,-49,-62,-59,-43,-78,-79,-81,2
638,-48,-61,-58,-44,-75,-80,-89,2
639,-50,-54,-60,-43,-74,-76,-77,2
641,-51,-57,-59,-45,-77,-75,-81,2
642,-50,-58,-57,-42,-76,-74,-80,2
644,-50,-55,-58,-43,-73,-75,-80,2
645,-50,-56,-63,-45,-71,-76,-78,2
646,-50,-57,-58,-44,-82,-75,-78,2
647,-50,-55,-59,-41,-82,-75,-78,2
650,-50,-57,-61,-50,-74,-83,-79,2
652,-50,-55,-57,-48,-80,-81,-76,2
653,-49,-56,-60,-47,-72,-80,-79,2
654,-48,-57,-60,-44,-71,-85,-77,2
656,-48,-63,-55,-42,-71,-81,-79,2
657,-44,-63,-67,-46,-63,-81,-78,2
658,-40,-59,-67,-50,-68,-79,-78,2
660,-52,-60,-65,-48,-64,-79,-75,2
661,-42,-58,-65,-46,-71,-77,-73,2
663,-43,-62,-66,-43,-73,-77,-76,2
664,-41,-60,-65,-51,-72,-74,-78,2
665,-44,-59,-63,-42,-72,-79,-80,2
666,-43,-60,-68,-46,-72,-83,-79,2
669,-38,-55,-57,-37,-64,-68,-73,2
670,-37,-56,-55,-38,-71,-75,-78,2
672,-40,-56,-53,-42,-65,-72,-70,2
674,-39,-56,-53,-49,-70,-80,-75,2
675,-42,-60,-56,-44,-74,-76,-80,2
677,-44,-57,-53,-46,-67,-78,-79,2
678,-43,-55,-55,-44,-68,-76,-79,2
679,-39,-59,-57,-42,-75,-78,-74,2
680,-41,-57,-59,-44,-65,-76,-77,2
684,-37,-58,-57,-37,-73,-75,-71,2
685,-35,-58,-55,-38,-61,-74,-79,2
686,-38,-55,-57,-41,-66,-73,-69,2
688,-40,-50,-52,-48,-68,-73,-71,2
689,-37,-53,-51,-37,-66,-71,-75,2
691,-38,-51,-53,-37,-67,-67,-68,2
692,-37,-56,-57,-39,-61,-72,-74,2
695,-37,-60,-53,-39,-65,-70,-68,2
697,-37,-60,-52,-38,-65,-70,-70,2
699,-38,-57,-55,-38,-62,-67,-65,2
702,-37,-60,-53,-38,-65,-67,-70,2
703,-37,-61,-55,-40,-63,-70,-67,2
705,-38,-59,-52,-44,-69,-68,-76,2
707,-45,-58,-65,-38,-65,-66,-70,2
710,-39,-55,-55,-47,-80,-66,-63,2
711,-37,-55,-57,-42,-63,-65,-64,2
716,-42,-54,-50,-45,-63,-68,-64,2
717,-42,-53,-49,-44,-74,-70,-65,2
718,-40,-54,-49,-43,-62,-70,-65,2
719,-40,-53,-50,-40,-62,-69,-65,2
720,-42,-54,-49,-41,-63,-69,-64,2
721,-40,-52,-51,-45,-64,-70,-65,2
723,-40,-52,-50,-41,-64,-69,-66,2
724,-40,-55,-49,-40,-61,-69,-66,2
725,-40,-53,-49,-41,-71,-66,-65,2
727,-40,-53,-53,-40,-64,-64,-73,2
728,-42,-54,-52,-40,-61,-73,-71,2
729,-41,-58,-48,-40,-62,-72,-76,2
730,-41,-55,-58,-43,-60,-71,-72,2
731,-40,-55,-52,-43,-60,-76,-72,2
732,-41,-55,-54,-40,-62,-71,-72,2
734,-41,-52,-57,-41,-63,-73,-68,2
735,-41,-52,-55,-40,-62,-76,-64,2
736,-36,-60,-53,-35,-72,-71,-64,2
737,-37,-55,-55,-42,-69,-66,-69,2
738,-35,-56,-55,-36,-69,-67,-78,2
739,-37,-54,-55,-42,-63,-71,-78,2
740,-37,-51,-54,-43,-60,-69,-70,2
743,-36,-51,-67,-40,-63,-74,-68,2
744,-36,-56,-53,-43,-63,-65,-70,2
745,-35,-53,-55,-47,-61,-66,-71,2
746,-35,-53,-57,-46,-64,-65,-70,2
747,-35,-54,-59,-46,-62,-66,-70,2
750,-36,-56,-57,-46,-68,-68,-70,2
751,-37,-50,-56,-39,-67,-69,-70,2
752,-37,-49,-57,-42,-62,-64,-71,2
753,-36,-54,-53,-46,-63,-66,-76,2
754,-35,-59,-57,-42,-66,-71,-70,2
756,-40,-54,-57,-42,-64,-67,-71,2
757,-44,-58,-58,-41,-75,-70,-64,2
758,-41,-57,-63,-40,-73,-66,-65,2
760,-41,-58,-54,-42,-71,-65,-71,2
761,-40,-55,-56,-36,-64,-65,-66,2
762,-40,-57,-58,-38,-64,-74,-79,2
764,-35,-57,-59,-36,-63,-74,-75,2
765,-35,-57,-53,-34,-64,-76,-76,2
766,-19,-57,-59,-38,-66,-72,-71,2
767,-15,-58,-56,-15,-74,-76,-71,2
768,-14,-54,-57,-15,-69,-82,-71,2
769,-10,-57,-57,-36,-73,-82,-72,2
770,-14,-55,-57,-34,-67,-71,-72,2
771,-14,-55,-58,-36,-67,-72,-74,2
772,-15,-55,-57,-16,-71,-72,-74,2
773,-16,-55,-56,-15,-64,-78,-76,2
776,-34,-54,-61,-34,-70,-72,-73,2
777,-35,-55,-52,-14,-71,-69,-82,2
782,-37,-56,-58,-45,-65,-67,-72,2
784,-37,-51,-56,-36,-62,-72,-71,2
785,-38,-55,-51,-43,-64,-73,-73,2
786,-38,-55,-51,-41,-72,-70,-73,2
787,-43,-55,-54,-42,-58,-71,-72,2
789,-39,-56,-53,-46,-57,-73,-77,2
790,-36,-57,-52,-40,-66,-75,-75,2
791,-40,-55,-57,-37,-71,-79,-77,2
792,-46,-54,-53,-48,-71,-78,-73,2
794,-48,-56,-55,-46,-65,-86,-79,2
795,-45,-59,-54,-51,-69,-77,-85,2
797,-39,-54,-56,-40,-70,-77,-78,2
798,-41,-58,-60,-47,-70,-82,-74,2
799,-40,-54,-54,-45,-71,-76,-74,2
801,-41,-60,-54,-43,-73,-80,-74,2
802,-42,-54,-55,-49,-67,-80,-74,2
803,-40,-55,-57,-50,-66,-75,-73,2
804,-42,-55,-57,-44,-69,-73,-77,2
805,-45,-55,-54,-43,-71,-89,-77,2
806,-46,-55,-54,-45,-62,-76,-73,2
807,-47,-58,-55,-45,-62,-79,-85,2
808,-46,-59,-55,-49,-69,-74,-84,2
811,-43,-55,-54,-47,-67,-77,-79,2
813,-37,-52,-57,-36,-71,-66,-75,2
814,-42,-52,-54,-35,-65,-69,-73,2
815,-37,-50,-50,-36,-58,-69,-75,2
816,-38,-57,-50,-38,-60,-74,-69,2
818,-49,-54,-55,-53,-66,-73,-80,2
819,-42,-54,-58,-41,-63,-75,-78,2
820,-40,-55,-53,-36,-60,-77,-77,2
821,-37,-56,-56,-35,-69,-73,-69,2
823,-36,-58,-59,-36,-69,-71,-77,2
824,-40,-58,-57,-40,-74,-79,-77,2
825,-42,-51,-54,-41,-67,-72,-77,2
826,-41,-55,-53,-37,-64,-79,-76,2
827,-42,-54,-49,-41,-68,-71,-77,2
829,-34,-48,-51,-37,-70,-78,-69,2
830,-34,-53,-59,-36,-75,-73,-69,2
831,-35,-56,-52,-36,-72,-69,-67,2
833,-35,-54,-56,-34,-61,-71,-74,2
834,-35,-54,-54,-35,-59,-73,-70,2
835,-36,-54,-54,-36,-62,-71,-70,2
837,-36,-58,-52,-26,-61,-70,-70,2
839,-35,-56,-57,-34,-60,-73,-80,2
841,-35,-59,-57,-27,-61,-71,-76,2
846,-37,-59,-57,-36,-64,-66,-70,2
847,-36,-59,-55,-36,-65,-66,-70,2
849,-35,-55,-56,-37,-66,-65,-69,2
850,-34,-55,-55,-36,-62,-70,-71,2
851,-35,-58,-55,-36,-62,-70,-73,2
852,-41,-58,-53,-43,-61,-70,-70,2
855,-36,-56,-62,-36,-80,-71,-69,2
857,-36,-61,-57,-27,-71,-73,-70,2
859,-12,-54,-54,-11,-70,-75,-74,2
860,-17,-56,-54,-36,-66,-73,-77,2
862,-36,-54,-56,-16,-61,-64,-79,2
863,-36,-55,-65,-34,-66,-70,-74,2
866,-26,-57,-53,-37,-67,-72,-69,2
867,-17,-57,-55,-15,-62,-68,-70,2
868,-17,-56,-57,-35,-71,-69,-74,2
869,-11,-63,-65,-18,-70,-72,-73,2
870,-10,-58,-54,-18,-70,-72,-73,2
872,-12,-56,-58,-16,-70,-75,-79,2
874,-13,-55,-55,-21,-70,-73,-77,2
875,-36,-55,-50,-41,-66,-72,-69,2
876,-35,-52,-55,-38,-62,-66,-85,2
877,-38,-54,-52,-36,-63,-65,-70,2
880,-40,-54,-52,-38,-60,-69,-75,2
881,-38,-54,-51,-37,-66,-74,-76,2
883,-41,-53,-56,-36,-62,-75,-77,2
884,-43,-56,-59,-37,-64,-74,-77,2
885,-36,-55,-59,-37,-63,-70,-73,2
886,-48,-53,-60,-36,-58,-73,-77,2
887,-48,-53,-56,-37,-59,-75,-83,2
889,-38,-53,-54,-43,-70,-77,-75,2
890,-43,-54,-56,-40,-67,-70,-71,2
891,-40,-55,-53,-35,-64,-70,-82,2
892,-40,-54,-52,-39,-65,-70,-74,2
894,-42,-53,-53,-42,-63,-72,-72,2
895,-40,-56,-53,-44,-69,-77,-79,2
896,-39,-58,-54,-39,-62,-71,-77,2
897,-37,-54,-54,-41,-64,-72,-78,2
898,-39,-52,-50,-39,-61,-75,-71,2
899,-41,-56,-50,-43,-66,-77,-76,2
900,-41,-54,-59,-41,-60,-76,-74,2
901,-42,-54,-54,-43,-59,-74,-72,2
903,-42,-54,-56,-39,-63,-76,-78,2
904,-38,-56,-48,-39,-63,-70,-73,2
905,-39,-51,-50,-43,-63,-71,-66,2
907,-37,-55,-56,-37,-67,-70,-66,2
908,-38,-54,-55,-36,-60,-71,-75,2
909,-42,-53,-62,-27,-63,-72,-79,2
910,-36,-51,-52,-37,-70,-71,-64,2
911,-36,-55,-54,-36,-67,-65,-73,2
912,-38,-60,-57,-39,-70,-70,-74,2
913,-36,-50,-58,-41,-74,-74,-69,2
914,-37,-58,-53,-43,-76,-66,-69,2
915,-38,-56,-52,-41,-76,-71,-66,2
916,-36,-56,-56,-37,-59,-66,-75,2
917,-36,-55,-54,-40,-71,-71,-71,2
918,-19,-53,-60,-37,-69,-72,-69,2
919,-37,-53,-54,-37,-67,-79,-72,2
921,-36,-55,-53,-35,-64,-72,-66,2
922,-37,-53,-56,-35,-74,-76,-79,2
923,-37,-57,-55,-40,-75,-71,-64,2
924,-35,-58,-54,-36,-69,-69,-73,2
925,-36,-57,-56,-37,-69,-77,-72,2
927,-19,-60,-54,-35,-69,-69,-78,2
928,-17,-62,-54,-22,-65,-70,-72,2
929,-34,-53,-52,-19,-65,-75,-69,2
931,-14,-56,-57,-35,-68,-77,-72,2
932,-11,-59,-60,-27,-70,-74,-71,2
933,-34,-53,-56,-18,-70,-76,-75,2
935,-36,-52,-59,-38,-64,-72,-74,2
937,-38,-54,-53,-36,-66,-73,-75,2
938,-36,-53,-50,-37,-70,-72,-72,2
939,-38,-50,-49,-42,-69,-73,-77,2
941,-41,-54,-52,-37,-68,-73,-77,2
942,-46,-51,-51,-36,-67,-73,-76,2
946,-44,-53,-52,-36,-70,-72,-76,2
948,-39,-59,-49,-37,-68,-70,-72,2
949,-39,-52,-56,-36,-64,-68,-69,2
953,-40,-58,-49,-41,-75,-71,-70,2
955,-40,-58,-47,-41,-65,-73,-70,2
957,-40,-57,-47,-42,-69,-73,-70,2
958,-38,-52,-50,-41,-69,-68,-72,2
959,-37,-54,-53,-36,-65,-76,-72,2
961,-36,-58,-54,-27,-67,-73,-78,2
962,-36,-54,-52,-20,-66,-70,-74,2
964,-35,-51,-53,-37,-63,-72,-76,2
966,-37,-54,-55,-37,-67,-71,-70,2
967,-36,-52,-55,-36,-69,-64,-70,2
968,-37,-54,-47,-36,-63,-70,-70,2
969,-46,-52,-46,-39,-74,-71,-78,2
973,-43,-55,-52,-42,-60,-74,-67,2
974,-43,-54,-55,-41,-68,-71,-74,2
975,-43,-47,-50,-45,-65,-66,-69,2
976,-37,-46,-51,-39,-63,-69,-69,2
977,-36,-55,-51,-37,-75,-71,-70,2
978,-38,-59,-61,-36,-68,-69,-73,2
979,-36,-55,-58,-37,-76,-72,-69,2
980,-37,-53,-57,-38,-71,-68,-64,2
981,-34,-60,-52,-37,-71,-66,-75,2
983,-39,-57,-50,-35,-63,-70,-79,2
984,-39,-48,-51,-38,-63,-69,-89,2
985,-38,-52,-62,-37,-69,-73,-71,2
986,-42,-52,-56,-43,-64,-76,-74,2
989,-40,-54,-53,-36,-61,-77,-74,2
990,-37,-55,-55,-40,-73,-72,-74,2
992,-43,-54,-59,-40,-68,-76,-74,2
995,-47,-60,-56,-48,-85,-85,-81,2
996,-50,-56,-55,-47,-63,-86,-77,2
997,-48,-57,-56,-49,-64,-87,-76,2
998,-46,-57,-55,-44,-65,-86,-77,2
999,-45,-58,-54,-46,-69,-87,-77,2
1002,-50,-56,-54,-50,-71,-79,-77,3
1003,-49,-57,-52,-51,-60,-89,-83,3
1004,-48,-52,-54,-47,-61,-80,-86,3
1005,-46,-56,-53,-53,-61,-87,-77,3
1006,-52,-56,-58,-48,-59,-87,-92,3
1007,-45,-51,-59,-53,-62,-82,-85,3
1008,-46,-56,-57,-55,-66,-82,-85,3
1011,-49,-49,-53,-47,-57,-80,-77,3
1012,-50,-49,-54,-48,-62,-79,-75,3
1014,-60,-50,-49,-54,-71,-83,-82,3
1015,-60,-54,-50,-50,-60,-84,-85,3
1017,-49,-49,-53,-48,-63,-84,-88,3
1019,-53,-55,-55,-53,-66,-79,-86,3
1020,-46,-58,-54,-49,-62,-81,-88,3
1021,-46,-56,-54,-49,-63,-81,-82,3
1022,-47,-54,-55,-47,-66,-78,-86,3
1023,-47,-53,-49,-49,-66,-76,-80,3
1024,-45,-54,-48,-49,-65,-78,-81,3
1025,-45,-53,-55,-49,-63,-78,-81,3
1026,-46,-54,-53,-48,-64,-78,-79,3
1027,-45,-54,-54,-48,-63,-78,-82,3
1028,-45,-53,-55,-50,-63,-83,-82,3
1031,-46,-52,-54,-47,-64,-79,-81,3
1032,-46,-60,-54,-48,-63,-80,-83,3
1033,-46,-54,-53,-47,-63,-85,-80,3
1035,-46,-58,-55,-49,-64,-78,-84,3
1037,-49,-52,-61,-52,-61,-82,-88,3
1038,-48,-55,-58,-49,-67,-83,-88,3
1039,-48,-52,-52,-56,-68,-81,-84,3
1042,-52,-56,-56,-41,-63,-77,-80,3
1043,-48,-57,-54,-50,-66,-83,-78,3
1044,-49,-53,-51,-53,-67,-81,-83,3
1045,-48,-53,-51,-50,-66,-79,-86,3
1046,-47,-55,-54,-50,-72,-80,-88,3
1047,-49,-52,-56,-48,-55,-81,-82,3
1049,-55,-51,-52,-48,-60,-78,-86,3
1050,-49,-52,-57,-54,-59,-85,-88,3
1051,-54,-55,-52,-50,-58,-78,-86,3
1052,-51,-56,-51,-58,-58,-80,-86,3
1053,-51,-51,-52,-57,-56,-81,-77,3
1054,-46,-54,-50,-54,-59,-81,-77,3
1055,-49,-53,-50,-55,-59,-80,-87,3
1056,-48,-50,-54,-51,-59,-77,-75,3
1058,-48,-53,-50,-55,-66,-83,-82,3
1060,-45,-59,-56,-54,-64,-84,-78,3
1062,-46,-53,-52,-45,-62,-79,-78,3
1064,-48,-55,-54,-48,-67,-85,-81,3
1065,-44,-53,-55,-48,-66,-79,-86,3
1066,-43,-55,-53,-52,-60,-78,-86,3
1067,-50,-56,-56,-60,-60,-78,-86,3
1070,-47,-54,-49,-52,-58,-79,-86,3
1077,-45,-56,-57,-47,-61,-76,-78,3
1078,-48,-55,-58,-52,-64,-92,-79,3
1079,-49,-52,-48,-52,-62,-78,-75,3
1081,-49,-55,-48,-49,-62,-79,-84,3
1082,-50,-56,-48,-48,-63,-80,-91,3
1083,-50,-58,-51,-52,-60,-81,-79,3
1085,-52,-52,-49,-49,-58,-77,-84,3
1086,-45,-50,-52,-53,-61,-75,-79,3
1087,-49,-52,-48,-44,-59,-80,-78,3
1088,-47,-58,-49,-45,-66,-85,-79,3
1089,-51,-52,-49,-50,-63,-79,-79,3
1090,-49,-51,-53,-41,-64,-77,-79,3
1092,-50,-56,-53,-40,-65,-86,-80,3
1093,-47,-58,-56,-44,-64,-80,-85,3
1094,-47,-53,-54,-49,-63,-88,-85,3
1097,-45,-50,-57,-49,-63,-81,-82,3
1098,-48,-59,-53,-45,-74,-81,-81,3
1099,-46,-55,-58,-47,-64,-78,-78,3
1102,-53,-59,-51,-41,-59,-78,-77,3
1104,-52,-52,-57,-45,-67,-81,-86,3
1106,-45,-53,-50,-49,-67,-75,-77,3
1109,-46,-49,-51,-45,-62,-79,-79,3
1110,-54,-52,-53,-43,-68,-79,-79,3
1112,-48,-60,-57,-52,-61,-85,-84,3
1113,-51,-63,-55,-54,-69,-84,-79,3
1114,-52,-64,-54,-56,-70,-84,-78,3
1115,-52,-64,-54,-54,-68,-85,-79,3
1116,-52,-62,-55,-52,-67,-83,-75,3
1117,-52,-60,-52,-54,-66,-85,-79,3
1118,-51,-60,-55,-53,-72,-85,-78,3
1119,-50,-59,-55,-47,-72,-79,-80,3
1121,-51,-55,-51,-49,-61,-82,-81,3
1123,-51,-51,-52,-52,-63,-84,-78,3
1125,-51,-52,-51,-54,-61,-79,-76,3
1126,-51,-54,-52,-57,-62,-79,-79,3
1127,-50,-59,-53,-54,-65,-77,-78,3
1128,-53,-59,-48,-57,-66,-80,-77,3
1129,-52,-57,-50,-52,-65,-79,-77,3
1131,-52,-57,-50,-51,-65,-79,-79,3
1132,-52,-57,-49,-50,-66,-80,-80,3
1134,-52,-56,-50,-56,-69,-79,-78,3
1135,-53,-58,-50,-52,-66,-78,-79,3
1136,-53,-56,-50,-50,-67,-80,-81,3
1137,-49,-56,-49,-52,-64,-83,-80,3
1138,-52,-56,-47,-53,-61,-78,-79,3
1139,-52,-57,-50,-52,-60,-78,-79,3
1140,-53,-56,-46,-51,-62,-80,-80,3
1141,-53,-57,-50,-54,-60,-80,-81,3
1142,-52,-56,-50,-52,-60,-80,-80,3
1144,-52,-58,-51,-53,-60,-80,-80,3
1146,-50,-55,-54,-50,-69,-79,-82,3
1147,-53,-55,-54,-51,-69,-79,-81,3
1148,-52,-56,-53,-53,-70,-80,-78,3
1149,-50,-52,-53,-53,-67,-86,-85,3
1150,-49,-58,-55,-52,-60,-83,-84,3
1151,-50,-49,-52,-56,-69,-80,-81,3
1152,-46,-56,-52,-51,-62,-85,-81,3
1153,-48,-53,-54,-45,-61,-86,-83,3
1154,-50,-56,-53,-52,-68,-84,-77,3
1155,-50,-52,-52,-56,-67,-80,-89,3
1160,-50,-52,-52,-47,-65,-77,-89,3
1162,-51,-52,-51,-47,-65,-76,-87,3
1163,-51,-53,-49,-51,-65,-77,-89,3
1167,-51,-53,-50,-51,-66,-77,-88,3
1168,-51,-52,-52,-50,-69,-78,-86,3
1170,-52,-53,-53,-56,-64,-78,-88,3
1172,-51,-52,-51,-55,-66,-78,-89,3
1173,-52,-53,-51,-55,-65,-78,-88,3
1174,-51,-52,-52,-56,-68,-79,-87,3
1175,-51,-53,-52,-55,-67,-78,-88,3
1178,-50,-54,-54,-54,-66,-77,-86,3
1179,-49,-53,-50,-55,-64,-79,-86,3
1180,-51,-52,-50,-56,-67,-79,-91,3
1183,-50,-52,-52,-55,-67,-79,-91,3
1184,-51,-53,-55,-50,-67,-76,-88,3
1185,-50,-52,-52,-50,-67,-78,-89,3
1186,-48,-54,-54,-49,-67,-77,-89,3
1187,-49,-54,-53,-50,-70,-78,-86,3
1188,-50,-54,-53,-46,-66,-78,-87,3
1189,-50,-54,-52,-49,-67,-79,-86,3
1190,-49,-53,-50,-48,-67,-78,-88,3
1191,-52,-54,-53,-50,-68,-78,-85,3
1192,-50,-53,-52,-55,-67,-77,-88,3
1193,-49,-54,-53,-55,-67,-77,-86,3
1194,-50,-53,-52,-55,-68,-78,-86,3
1195,-49,-52,-53,-54,-65,-77,-88,3
1197,-50,-53,-53,-54,-67,-78,-86,3
1198,-49,-52,-52,-53,-65,-77,-85,3
1199,-52,-50,-53,-54,-68,-76,-85,3
1200,-51,-54,-53,-55,-66,-77,-85,3
1202,-48,-57,-49,-53,-62,-79,-87,3
1204,-57,-58,-56,-55,-71,-84,-87,3
1205,-55,-58,-55,-54,-70,-81,-87,3
1206,-55,-56,-58,-53,-70,-81,-88,3
1207,-55,-66,-57,-52,-70,-84,-84,3
1209,-50,-60,-73,-58,-68,-88,-92,3
1210,-49,-59,-57,-50,-72,-80,-91,3
1211,-49,-59,-56,-50,-63,-80,-91,3
1212,-49,-62,-56,-50,-63,-83,-89,3
1213,-49,-61,-56,-49,-64,-84,-89,3
1214,-49,-60,-55,-49,-63,-85,-89,3
1215,-49,-60,-56,-50,-63,-84,-87,3
1216,-49,-61,-55,-49,-62,-84,-89,3
1217,-49,-61,-55,-53,-72,-85,-92,3
1218,-53,-57,-62,-55,-60,-86,-83,3
1219,-51,-56,-60,-48,-60,-86,-83,3
1220,-45,-59,-57,-51,-62,-77,-85,3
1221,-48,-58,-55,-49,-60,-80,-83,3
1223,-48,-66,-57,-51,-70,-81,-80,3
1225,-48,-61,-57,-51,-67,-83,-76,3
1226,-49,-64,-58,-51,-70,-86,-78,3
1227,-51,-64,-59,-49,-71,-87,-77,3
1228,-51,-62,-59,-50,-66,-85,-77,3
1230,-47,-64,-57,-51,-64,-85,-78,3
1231,-45,-63,-60,-53,-67,-83,-85,3
1232,-51,-60,-57,-54,-64,-84,-83,3
1233,-51,-58,-55,-54,-67,-86,-83,3
1236,-46,-46,-52,-52,-57,-77,-82,3
1237,-48,-46,-50,-54,-63,-87,-77,3
1238,-54,-54,-50,-54,-60,-81,-79,3
1239,-49,-56,-53,-52,-58,-89,-86,3
1240,-52,-52,-53,-53,-56,-78,-79,3
1241,-52,-55,-55,-54,-65,-85,-78,3
1242,-55,-51,-51,-55,-59,-89,-78,3
1243,-63,-52,-51,-56,-59,-89,-84,3
1244,-55,-53,-52,-56,-58,-85,-88,3
1247,-54,-53,-50,-58,-58,-84,-87,3
1248,-53,-54,-53,-60,-60,-86,-91,3
1249,-49,-54,-50,-55,-63,-85,-81,3
1250,-50,-52,-54,-55,-64,-83,-74,3
1251,-45,-52,-54,-53,-56,-83,-79,3
1252,-45,-50,-50,-55,-57,-76,-75,3
1254,-48,-57,-51,-51,-60,-79,-80,3
1256,-50,-51,-49,-48,-54,-77,-77,3
1257,-51,-47,-50,-49,-59,-80,-85,3
1259,-51,-52,-50,-49,-60,-77,-76,3
1260,-49,-59,-57,-49,-67,-85,-83,3
1262,-51,-60,-59,-46,-68,-78,-83,3
1263,-52,-54,-53,-51,-61,-83,-81,3
1264,-46,-51,-50,-48,-64,-82,-78,3
1265,-44,-56,-54,-52,-63,-80,-79,3
1266,-49,-56,-54,-55,-62,-78,-81,3
1267,-47,-52,-56,-56,-62,-83,-83,3
1268,-51,-54,-53,-52,-63,-81,-76,3
1271,-45,-46,-58,-53,-59,-77,-82,3
1272,-47,-57,-57,-52,-69,-79,-77,3
1273,-54,-61,-51,-44,-63,-79,-76,3
1274,-44,-53,-51,-49,-60,-84,-76,3
1275,-43,-57,-51,-52,-62,-79,-77,3
1276,-50,-54,-49,-46,-64,-85,-77,3
1279,-51,-48,-56,-53,-61,-80,-79,3
1281,-50,-57,-50,-59,-62,-91,-93,3
1283,-49,-55,-49,-49,-60,-81,-81,3
1285,-51,-52,-48,-48,-62,-85,-78,3
1286,-51,-51,-45,-53,-59,-84,-76,3
1289,-47,-55,-57,-50,-64,-80,-85,3
1291,-48,-57,-54,-47,-66,-79,-79,3
1292,-42,-54,-48,-51,-64,-78,-87,3
1293,-49,-56,-51,-54,-65,-79,-78,3
1295,-52,-60,-52,-48,-70,-79,-79,3
1296,-53,-58,-50,-48,-64,-88,-80,3
1298,-48,-55,-51,-55,-69,-88,-80,3
1299,-46,-53,-50,-53,-64,-81,-86,3
1300,-52,-60,-51,-46,-63,-84,-77,3
1302,-53,-58,-51,-48,-63,-85,-78,3
1303,-53,-58,-51,-48,-63,-88,-80,3
1304,-52,-58,-50,-53,-64,-87,-81,3
1305,-54,-56,-50,-50,-64,-87,-80,3
1306,-52,-52,-51,-51,-74,-86,-80,3
1307,-51,-62,-53,-51,-67,-79,-89,3
1308,-51,-63,-51,-52,-66,-79,-89,3
1309,-52,-61,-51,-52,-66,-80,-89,3
1310,-53,-62,-51,-52,-67,-79,-89,3
1311,-53,-62,-52,-53,-65,-79,-91,3
1313,-43,-59,-51,-53,-61,-83,-85,3
1314,-44,-60,-52,-49,-63,-84,-84,3
1315,-47,-57,-57,-52,-62,-86,-84,3
1316,-47,-57,-56,-51,-64,-80,-86,3
1317,-47,-56,-58,-56,-62,-81,-83,3
1319,-47,-55,-58,-50,-60,-81,-84,3
1320,-47,-64,-53,-54,-60,-83,-84,3
1321,-45,-63,-57,-55,-58,-79,-85,3
1323,-45,-60,-59,-52,-57,-83,-85,3
1324,-45,-60,-56,-54,-59,-84,-85,3
1325,-47,-56,-53,-53,-66,-85,-85,3
1326,-48,-58,-52,-53,-61,-88,-83,3
1327,-46,-55,-53,-52,-57,-81,-86,3
1329,-48,-55,-55,-52,-65,-80,-82,3
1331,-54,-55,-50,-49,-60,-84,-81,3
1332,-53,-58,-51,-50,-62,-84,-81,3
1333,-53,-54,-54,-50,-61,-82,-84,3
1334,-52,-55,-52,-52,-62,-82,-84,3
1336,-52,-55,-51,-49,-62,-86,-84,3
1338,-53,-55,-51,-49,-65,-86,-84,3
1339,-52,-54,-51,-49,-63,-87,-84,3
1340,-52,-56,-51,-48,-64,-87,-84,3
1342,-52,-56,-51,-46,-63,-86,-82,3
1345,-52,-54,-52,-49,-63,-86,-81,3
1346,-52,-55,-52,-49,-63,-88,-85,3
1347,-51,-55,-52,-48,-63,-87,-85,3
1348,-52,-57,-53,-49,-61,-88,-85,3
1349,-52,-56,-52,-49,-63,-87,-85,3
1350,-52,-56,-52,-50,-65,-86,-84,3
1353,-52,-56,-52,-49,-61,-86,-81,3
1354,-52,-55,-52,-50,-61,-86,-84,3
1356,-52,-55,-52,-43,-61,-86,-83,3
1357,-51,-57,-52,-49,-60,-84,-83,3
1360,-49,-58,-49,-51,-59,-89,-79,3
1365,-46,-52,-53,-44,-60,-79,-86,3
1366,-45,-54,-53,-45,-68,-75,-84,3
1368,-49,-62,-52,-49,-63,-82,-83,3
1369,-48,-57,-53,-43,-64,-81,-85,3
1371,-48,-54,-56,-49,-66,-81,-80,3
1372,-49,-53,-55,-52,-57,-86,-86,3
1373,-51,-52,-53,-51,-59,-86,-78,3
1375,-46,-52,-51,-55,-60,-80,-76,3
1377,-52,-51,-47,-49,-64,-80,-78,3
1379,-49,-54,-50,-52,-60,-85,-88,3
1380,-53,-53,-52,-55,-60,-82,-84,3
1381,-53,-56,-55,-51,-62,-78,-82,3
1382,-52,-54,-49,-52,-58,-81,-82,3
1383,-48,-58,-54,-46,-66,-85,-88,3
1384,-51,-55,-59,-51,-58,-87,-81,3
1386,-53,-54,-54,-51,-61,-84,-77,3
1388,-49,-47,-51,-52,-62,-89,-80,3
1390,-53,-48,-52,-52,-59,-81,-82,3
1391,-49,-56,-45,-42,-66,-83,-80,3
1394,-47,-57,-50,-45,-60,-82,-84,3
1396,-47,-52,-49,-43,-57,-80,-79,3
1398,-50,-49,-51,-50,-61,-83,-85,3
1401,-52,-54,-53,-49,-63,-86,-81,3
1402,-48,-57,-52,-51,-62,-86,-81,3
1405,-49,-53,-51,-42,-63,-79,-88,3
1406,-49,-57,-51,-44,-57,-85,-79,3
1407,-51,-52,-58,-49,-60,-84,-74,3
1408,-50,-56,-47,-52,-58,-88,-76,3
1409,-52,-48,-52,-54,-63,-78,-80,3
1410,-53,-50,-50,-49,-61,-83,-84,3
1411,-53,-47,-54,-53,-59,-83,-84,3
1412,-51,-58,-56,-48,-61,-79,-82,3
1413,-45,-55,-57,-47,-61,-78,-80,3
1414,-49,-50,-51,-44,-60,-83,-79,3
1415,-45,-51,-50,-51,-57,-80,-79,3
1416,-49,-56,-47,-50,-58,-77,-84,3
1417,-47,-58,-51,-43,-65,-80,-80,3
1418,-47,-54,-56,-47,-62,-78,-83,3
1419,-49,-55,-53,-48,-61,-79,-78,3
1420,-47,-57,-52,-44,-67,-78,-75,3
1421,-50,-62,-57,-45,-62,-81,-78,3
1422,-46,-56,-60,-46,-65,-84,-85,3
1423,-51,-55,-53,-50,-63,-79,-86,3
1424,-46,-48,-53,-49,-59,-80,-78,3
1425,-46,-58,-53,-48,-60,-79,-79,3
1426,-49,-45,-50,-48,-61,-79,-84,3
1427,-49,-49,-47,-50,-59,-79,-88,3
1428,-49,-53,-50,-54,-62,-77,-82,3
1429,-52,-54,-55,-55,-60,-74,-78,3
1430,-48,-56,-49,-52,-60,-82,-73,3
1431,-54,-57,-53,-54,-62,-77,-75,3
1432,-48,-54,-49,-59,-63,-78,-80,3
1434,-53,-52,-48,-50,-62,-81,-80,3
1436,-46,-56,-54,-51,-62,-80,-79,3
1439,-49,-50,-50,-45,-64,-79,-77,3
1441,-52,-50,-52,-49,-63,-80,-85,3
1442,-48,-47,-51,-52,-60,-74,-79,3
1450,-52,-51,-53,-54,-68,-88,-84,3
1453,-50,-68,-48,-56,-63,-80,-77,3
1454,-48,-52,-54,-52,-63,-80,-77,3
1458,-52,-54,-54,-51,-63,-87,-78,3
1460,-47,-56,-54,-51,-63,-81,-86,3
1461,-51,-57,-54,-55,-62,-87,-81,3
1462,-49,-54,-52,-56,-60,-85,-73,3
1463,-49,-54,-50,-51,-66,-78,-82,3
1464,-46,-47,-47,-50,-65,-79,-84,3
1465,-51,-54,-44,-52,-56,-79,-79,3
1467,-47,-56,-57,-52,-62,-79,-87,3
1468,-51,-55,-50,-53,-62,-78,-84,3
1469,-51,-58,-59,-52,-64,-78,-84,3
1470,-53,-62,-57,-49,-61,-88,-87,3
1471,-48,-59,-54,-55,-60,-84,-87,3
1472,-50,-59,-60,-51,-64,-86,-85,3
1473,-51,-54,-54,-55,-58,-88,-85,3
1474,-49,-58,-50,-56,-64,-81,-81,3
1476,-48,-51,-54,-51,-58,-80,-77,3
1478,-46,-51,-55,-42,-62,-79,-78,3
1479,-49,-53,-52,-52,-64,-74,-84,3
1481,-47,-46,-53,-46,-59,-79,-79,3
1482,-49,-51,-52,-44,-60,-77,-77,3
1483,-48,-53,-51,-43,-64,-74,-77,3
1486,-49,-51,-50,-53,-64,-79,-78,3
1487,-53,-54,-56,-52,-63,-81,-85,3
1489,-51,-56,-51,-47,-62,-79,-85,3
1490,-48,-55,-53,-51,-63,-82,-86,3
1491,-50,-57,-59,-43,-62,-76,-78,3
1492,-50,-53,-52,-50,-61,-79,-83,3
1494,-52,-57,-52,-52,-70,-87,-77,3
1495,-52,-60,-51,-54,-61,-86,-87,3
1497,-55,-60,-51,-53,-63,-85,-87,3
1498,-53,-58,-51,-51,-62,-84,-85,3
1500,-58,-56,-47,-62,-36,-85,-84,4
1501,-61,-52,-49,-56,-46,-84,-83,4
1502,-55,-50,-51,-61,-48,-82,-79,4
1503,-61,-52,-43,-60,-47,-89,-85,4
1505,-59,-52,-59,-61,-54,-87,-89,4
1506,-59,-51,-56,-59,-51,-87,-86,4
1508,-59,-52,-56,-59,-51,-89,-87,4
1510,-59,-53,-57,-60,-51,-89,-95,4
1512,-59,-53,-56,-59,-51,-87,-89,4
1513,-59,-53,-57,-59,-50,-88,-88,4
1514,-59,-57,-56,-61,-52,-86,-85,4
1515,-60,-54,-54,-60,-64,-88,-88,4
1516,-59,-53,-57,-60,-51,-87,-88,4
1517,-58,-52,-58,-60,-52,-86,-89,4
1518,-59,-52,-56,-58,-55,-88,-87,4
1522,-59,-56,-55,-59,-54,-87,-88,4
1523,-59,-52,-55,-59,-55,-88,-85,4
1525,-59,-50,-55,-59,-54,-88,-87,4
1526,-59,-50,-55,-59,-53,-86,-87,4
1527,-59,-50,-59,-59,-55,-85,-87,4
1528,-59,-51,-55,-59,-54,-87,-88,4
1529,-59,-51,-57,-59,-53,-87,-92,4
1530,-59,-53,-56,-60,-53,-85,-86,4
1531,-59,-53,-57,-62,-55,-88,-85,4
1533,-58,-50,-54,-60,-53,-86,-89,4
1535,-59,-52,-55,-59,-52,-88,-87,4
1536,-57,-52,-56,-60,-52,-91,-85,4
1537,-57,-51,-56,-57,-50,-88,-86,4
1539,-60,-50,-57,-60,-50,-89,-86,4
1540,-59,-51,-56,-58,-51,-95,-84,4
1541,-58,-51,-56,-58,-50,-88,-88,4
1543,-59,-50,-57,-59,-51,-87,-85,4
1544,-59,-51,-57,-59,-52,-87,-86,4
1545,-59,-50,-57,-61,-51,-85,-86,4
1547,-59,-51,-57,-59,-51,-89,-86,4
1549,-59,-50,-57,-60,-49,-91,-86,4
1550,-59,-51,-57,-60,-49,-87,-88,4
1551,-59,-53,-55,-60,-51,-87,-87,4
1552,-59,-52,-57,-58,-50,-86,-88,4
1553,-59,-52,-57,-60,-49,-86,-88,4
1554,-60,-53,-59,-59,-53,-86,-86,4
1555,-57,-52,-56,-62,-52,-92,-85,4
1556,-56,-51,-43,-59,-47,-83,-89,4
1557,-55,-52,-46,-59,-53,-88,-84,4
1559,-63,-58,-52,-59,-51,-88,-94,4
1560,-57,-61,-53,-59,-52,-87,-89,4
1563,-57,-60,-49,-61,-54,-85,-88,4
1564,-57,-61,-56,-60,-53,-86,-86,4
1566,-55,-56,-47,-54,-49,-81,-79,4
1567,-58,-55,-55,-54,-49,-78,-79,4
1568,-63,-54,-50,-55,-50,-85,-79,4
1570,-59,-59,-52,-60,-51,-87,-86,4
1572,-59,-57,-53,-58,-55,-85,-86,4
1573,-59,-59,-52,-59,-53,-87,-87,4
1575,-58,-56,-56,-61,-52,-85,-85,4
1576,-58,-59,-56,-60,-50,-86,-83,4
1577,-57,-57,-54,-58,-56,-84,-87,4
1578,-55,-56,-48,-60,-55,-84,-84,4
1580,-54,-57,-50,-61,-53,-83,-82,4
1581,-55,-53,-51,-62,-56,-85,-87,4
1582,-58,-55,-51,-66,-54,-86,-85,4
1584,-55,-48,-49,-62,-55,-86,-91,4
1586,-64,-55,-52,-74,-53,-89,-80,4
1588,-64,-57,-53,-64,-47,-88,-91,4
1589,-64,-59,-51,-62,-51,-88,-91,4
1590,-63,-56,-53,-60,-49,-88,-88,4
1591,-61,-58,-54,-63,-47,-88,-81,4
1593,-64,-58,-50,-65,-50,-91,-85,4
1594,-66,-57,-55,-64,-52,-91,-87,4
1595,-61,-55,-54,-69,-53,-84,-89,4
1596,-61,-61,-50,-64,-51,-84,-89,4
1597,-60,-60,-51,-64,-53,-87,-87,4
1598,-62,-63,-52,-70,-48,-87,-87,4
1599,-64,-57,-53,-66,-48,-92,-87,4
1600,-63,-54,-53,-65,-52,-92,-89,4
1601,-63,-57,-57,-70,-50,-92,-87,4
1603,-65,-62,-49,-67,-45,-88,-94,4
1604,-63,-59,-53,-70,-46,-86,-88,4
1605,-61,-61,-52,-68,-45,-88,-88,4
1607,-63,-57,-53,-63,-48,-85,-92,4
1608,-62,-55,-53,-65,-50,-88,-93,4
1609,-64,-59,-52,-65,-50,-88,-85,4
1610,-61,-60,-53,-61,-52,-87,-87,4
1611,-60,-61,-58,-63,-49,-84,-85,4
1612,-63,-57,-57,-62,-51,-89,-84,4
1613,-63,-58,-50,-63,-48,-91,-85,4
1614,-64,-54,-56,-66,-52,-88,-85,4
1616,-61,-57,-53,-65,-50,-87,-91,4
1617,-61,-56,-49,-60,-52,-91,-85,4
1618,-61,-55,-45,-55,-56,-85,-85,4
1620,-66,-59,-52,-63,-59,-88,-87,4
1621,-61,-61,-51,-62,-54,-85,-91,4
1623,-65,-61,-56,-67,-50,-89,-91,4
1624,-64,-66,-58,-70,-50,-89,-93,4
1626,-63,-57,-60,-69,-49,-93,-93,4
1627,-64,-55,-55,-62,-49,-93,-85,4
1628,-59,-62,-54,-62,-46,-87,-91,4
1630,-66,-54,-53,-71,-48,-92,-91,4
1631,-66,-56,-56,-63,-50,-89,-91,4
1632,-66,-54,-54,-64,-47,-89,-86,4
1633,-67,-55,-56,-64,-50,-88,-87,4
1635,-66,-56,-55,-67,-48,-87,-87,4
1636,-66,-57,-56,-64,-49,-89,-87,4
1638,-67,-57,-55,-65,-49,-88,-87,4
1639,-68,-57,-54,-64,-51,-89,-87,4
1640,-67,-56,-55,-64,-49,-91,-89,4
1643,-67,-56,-52,-64,-51,-89,-85,4
1644,-65,-57,-55,-64,-50,-92,-85,4
1645,-65,-57,-56,-63,-48,-92,-85,4
1646,-65,-57,-54,-70,-50,-88,-85,4
1647,-66,-57,-55,-65,-51,-88,-88,4
1648,-66,-59,-47,-67,-51,-94,-88,4
1649,-66,-59,-45,-67,-52,-93,-92,4
1652,-64,-59,-46,-65,-48,-91,-91,4
1653,-63,-59,-45,-65,-47,-89,-92,4
1654,-63,-58,-46,-66,-49,-93,-93,4
1655,-63,-58,-47,-66,-48,-93,-92,4
1656,-64,-59,-45,-65,-51,-93,-92,4
1657,-64,-58,-45,-65,-51,-92,-92,4
1658,-64,-60,-45,-66,-52,-92,-92,4
1659,-64,-60,-44,-66,-52,-91,-92,4
1660,-65,-57,-45,-66,-47,-92,-92,4
1661,-64,-58,-45,-66,-48,-89,-93,4
1662,-66,-58,-47,-68,-47,-88,-91,4
1663,-67,-64,-47,-64,-50,-88,-91,4
1664,-61,-60,-50,-63,-45,-88,-91,4
1666,-63,-56,-55,-60,-52,-86,-98,4
1667,-64,-57,-53,-61,-50,-86,-98,4
1668,-64,-54,-55,-59,-52,-88,-98,4
1669,-61,-57,-54,-65,-52,-89,-88,4
1670,-65,-56,-49,-61,-44,-88,-91,4
1671,-64,-58,-51,-59,-40,-88,-87,4
1672,-58,-57,-50,-60,-47,-84,-86,4
1673,-60,-53,-50,-66,-39,-86,-86,4
1675,-61,-51,-49,-59,-56,-91,-89,4
1677,-69,-52,-48,-66,-48,-88,-87,4
1678,-67,-52,-46,-66,-47,-89,-87,4
1679,-67,-53,-46,-64,-48,-88,-87,4
1680,-66,-52,-48,-71,-55,-88,-87,4
1682,-65,-52,-46,-64,-49,-88,-87,4
1683,-65,-54,-46,-65,-51,-91,-89,4
1684,-65,-51,-49,-63,-49,-92,-91,4
1685,-64,-48,-54,-58,-52,-80,-88,4
1686,-60,-52,-45,-58,-51,-87,-80,4
1687,-57,-54,-46,-53,-44,-85,-84,4
1688,-58,-54,-44,-59,-47,-83,-86,4
1690,-59,-53,-49,-56,-49,-83,-88,4
1691,-60,-57,-58,-58,-50,-83,-88,4
1693,-64,-54,-52,-58,-52,-89,-88,4
1694,-59,-53,-49,-59,-45,-89,-88,4
1695,-60,-52,-49,-61,-51,-85,-81,4
1698,-62,-57,-44,-61,-44,-89,-87,4
1699,-62,-58,-49,-64,-42,-86,-89,4
1700,-61,-54,-45,-66,-45,-88,-87,4
1701,-60,-55,-47,-59,-54,-91,-80,4
1702,-57,-59,-44,-60,-56,-87,-85,4
1703,-56,-54,-48,-57,-51,-84,-89,4
1704,-58,-54,-46,-55,-50,-87,-91,4
1705,-58,-51,-46,-58,-50,-79,-87,4
1706,-59,-55,-48,-59,-52,-86,-85,4
1707,-57,-61,-54,-64,-48,-87,-91,4
1709,-62,-57,-50,-62,-49,-93,-86,4
1711,-62,-58,-50,-58,-47,-95,-87,4
1712,-57,-52,-44,-59,-51,-88,-85,4
1713,-55,-53,-47,-57,-50,-85,-85,4
1714,-57,-52,-46,-60,-43,-88,-85,4
1717,-63,-62,-49,-63,-45,-92,-86,4
1719,-58,-56,-52,-54,-52,-87,-84,4
1720,-61,-57,-51,-56,-49,-88,-85,4
1721,-59,-57,-56,-65,-49,-92,-91,4
1724,-59,-56,-58,-66,-51,-92,-88,4
1725,-60,-58,-55,-65,-50,-91,-86,4
1726,-60,-58,-57,-68,-50,-96,-87,4
1729,-61,-58,-57,-66,-49,-93,-86,4
1731,-61,-58,-56,-67,-50,-95,-88,4
1732,-61,-57,-54,-67,-52,-89,-86,4
1733,-58,-57,-55,-66,-51,-88,-87,4
1734,-60,-57,-55,-65,-51,-94,-86,4
1735,-60,-58,-56,-64,-52,-93,-86,4
1736,-58,-56,-56,-64,-50,-82,-87,4
1737,-61,-55,-55,-66,-61,-83,-92,4
1738,-60,-56,-57,-65,-49,-85,-89,4
1743,-61,-59,-56,-64,-50,-85,-87,4
1744,-61,-56,-55,-63,-52,-84,-87,4
1745,-58,-61,-56,-64,-49,-83,-87,4
1748,-61,-55,-54,-72,-45,-89,-92,4
1749,-62,-61,-52,-69,-42,-88,-92,4
1750,-64,-57,-54,-69,-43,-88,-92,4
1751,-63,-58,-54,-69,-43,-91,-92,4
1752,-63,-59,-54,-77,-42,-91,-92,4
1753,-64,-59,-55,-66,-44,-93,-92,4
1754,-64,-59,-51,-67,-43,-88,-92,4
1755,-62,-60,-55,-67,-43,-88,-92,4
1756,-63,-58,-54,-67,-43,-88,-98,4
1757,-62,-59,-53,-64,-44,-89,-98,4
1759,-62,-59,-52,-69,-46,-91,-98,4
1760,-58,-57,-46,-56,-43,-89,-85,4
1761,-60,-53,-48,-61,-46,-85,-85,4
1762,-56,-55,-43,-57,-52,-93,-85,4
1763,-57,-54,-54,-59,-51,-88,-87,4
1764,-56,-55,-50,-59,-62,-84,-86,4
1766,-59,-54,-51,-59,-58,-80,-87,4
1767,-58,-54,-53,-60,-47,-82,-83,4
1768,-63,-54,-47,-64,-50,-83,-88,4
1769,-58,-55,-57,-64,-47,-85,-89,4
1770,-63,-57,-47,-64,-49,-86,-81,4
1771,-63,-58,-50,-57,-46,-91,-93,4
1775,-63,-52,-43,-63,-51,-87,-88,4
1776,-60,-56,-44,-53,-46,-87,-88,4
1777,-64,-56,-48,-62,-53,-88,-87,4
1778,-59,-56,-41,-54,-46,-89,-88,4
1779,-60,-59,-51,-59,-53,-88,-88,4
1780,-62,-58,-54,-61,-52,-88,-85,4
1781,-61,-53,-50,-59,-46,-84,-93,4
1782,-60,-56,-44,-59,-46,-81,-86,4
1783,-64,-57,-52,-60,-40,-87,-87,4
1785,-61,-54,-52,-65,-49,-85,-91,4
1786,-60,-63,-54,-63,-47,-88,-92,4
1788,-62,-58,-52,-63,-50,-87,-88,4
1789,-63,-57,-55,-63,-49,-88,-81,4
1792,-57,-53,-51,-57,-48,-88,-85,4
1793,-61,-55,-46,-57,-46,-83,-85,4
1795,-61,-56,-52,-62,-52,-82,-87,4
1796,-64,-58,-48,-63,-42,-85,-93,4
1797,-58,-56,-44,-60,-47,-84,-85,4
1798,-58,-51,-49,-61,-48,-88,-85,4
1799,-57,-55,-45,-59,-50,-85,-85,4
1800,-61,-52,-48,-57,-47,-85,-85,4
1801,-59,-50,-51,-59,-51,-83,-85,4
1802,-60,-52,-48,-61,-48,-83,-84,4
1803,-61,-55,-45,-57,-53,-91,-82,4
1804,-56,-51,-45,-54,-52,-79,-85,4
1805,-56,-60,-55,-55,-53,-88,-85,4
1806,-60,-60,-46,-54,-49,-81,-83,4
1808,-59,-56,-50,-60,-52,-81,-85,4
1809,-57,-56,-49,-58,-50,-87,-85,4
1811,-61,-52,-49,-58,-51,-91,-84,4
1812,-57,-57,-48,-59,-49,-88,-88,4
1813,-58,-54,-49,-60,-55,-91,-93,4
1814,-60,-59,-50,-58,-45,-87,-89,4
1820,-63,-56,-50,-56,-49,-89,-92,4
1821,-61,-56,-52,-58,-52,-82,-85,4
1823,-60,-61,-49,-60,-50,-89,-88,4
1824,-59,-55,-49,-60,-42,-92,-93,4
1825,-61,-54,-50,-63,-42,-92,-93,4
1827,-59,-49,-45,-57,-52,-80,-82,4
1830,-64,-59,-53,-63,-52,-87,-83,4
1831,-62,-58,-52,-65,-49,-89,-84,4
1832,-61,-54,-48,-64,-49,-89,-81,4
1833,-57,-51,-49,-64,-52,-88,-81,4
1834,-59,-52,-49,-55,-56,-83,-81,4
1836,-61,-56,-48,-62,-54,-88,-86,4
1837,-60,-51,-51,-59,-54,-86,-89,4
1838,-57,-56,-48,-66,-49,-84,-91,4
1839,-61,-56,-47,-60,-48,-83,-87,4
1840,-58,-49,-50,-61,-51,-83,-87,4
1842,-58,-53,-48,-58,-54,-88,-89,4
1843,-57,-56,-48,-59,-47,-86,-89,4
1846,-58,-54,-53,-64,-51,-87,-91,4
1847,-59,-55,-55,-62,-47,-91,-84,4
1848,-59,-55,-54,-64,-44,-86,-86,4
1849,-60,-53,-52,-64,-46,-85,-83,4
1850,-60,-54,-53,-64,-47,-85,-86,4
1851,-63,-53,-52,-64,-47,-93,-86,4
1852,-61,-53,-48,-62,-52,-86,-85,4
1853,-61,-56,-46,-60,-50,-84,-86,4
1854,-64,-55,-48,-61,-50,-83,-87,4
1855,-64,-58,-47,-61,-52,-85,-86,4
1856,-62,-53,-48,-61,-50,-85,-86,4
1857,-58,-56,-50,-58,-47,-87,-80,4
1858,-58,-60,-50,-61,-50,-87,-78,4
1859,-58,-56,-49,-60,-53,-86,-91,4
1861,-58,-57,-50,-58,-50,-82,-84,4
1862,-62,-57,-48,-63,-47,-88,-84,4
1864,-60,-57,-50,-63,-49,-87,-86,4
1865,-62,-59,-48,-65,-51,-87,-86,4
1866,-58,-65,-47,-71,-51,-86,-83,4
1868,-63,-54,-49,-62,-43,-89,-91,4
1869,-64,-57,-47,-58,-46,-89,-86,4
1870,-60,-55,-54,-58,-55,-86,-88,4
1871,-63,-56,-52,-65,-47,-82,-92,4
1872,-59,-57,-49,-66,-41,-87,-86,4
1873,-62,-53,-55,-65,-49,-87,-87,4
1875,-61,-58,-50,-59,-52,-84,-84,4
1876,-60,-56,-48,-61,-49,-92,-82,4
1877,-55,-50,-46,-57,-48,-76,-87,4
1880,-58,-52,-49,-60,-47,-87,-92,4
1881,-57,-55,-50,-63,-50,-89,-79,4
1882,-57,-57,-50,-59,-54,-85,-81,4
1884,-59,-54,-48,-62,-47,-85,-89,4
1885,-57,-54,-48,-55,-47,-82,-86,4
1886,-60,-54,-50,-70,-48,-84,-84,4
1887,-59,-59,-49,-62,-47,-82,-81,4
1888,-56,-48,-43,-62,-43,-83,-82,4
1890,-56,-54,-50,-58,-50,-83,-85,4
1892,-54,-46,-48,-55,-48,-84,-85,4
1893,-58,-53,-44,-62,-52,-84,-88,4
1894,-61,-52,-48,-61,-45,-90,-88,4
1895,-60,-50,-51,-62,-49,-87,-84,4
1896,-60,-53,-52,-62,-50,-91,-88,4
1897,-58,-53,-52,-62,-51,-85,-83,4
1899,-59,-52,-44,-64,-43,-87,-83,4
1900,-61,-49,-42,-66,-43,-80,-91,4
1901,-62,-54,-48,-62,-48,-86,-86,4
1902,-57,-49,-44,-60,-50,-84,-86,4
1904,-58,-53,-42,-61,-51,-87,-82,4
1905,-56,-53,-42,-61,-55,-87,-82,4
1908,-59,-50,-45,-63,-49,-84,-86,4
1910,-60,-55,-42,-63,-53,-91,-79,4
1912,-63,-53,-47,-58,-46,-90,-81,4
1913,-57,-51,-47,-61,-50,-90,-88,4
1915,-62,-53,-52,-59,-48,-87,-92,4
1917,-57,-58,-52,-66,-46,-86,-90,4
1918,-61,-60,-52,-57,-51,-91,-86,4
1919,-61,-59,-52,-55,-48,-91,-84,4
1923,-58,-58,-51,-57,-49,-86,-90,4
1924,-59,-54,-49,-60,-46,-86,-87,4
1926,-61,-54,-48,-58,-47,-91,-88,4
1927,-61,-52,-49,-68,-45,-85,-92,4
1928,-57,-56,-47,-58,-44,-88,-82,4
1929,-57,-56,-48,-60,-49,-84,-88,4
1930,-57,-50,-47,-58,-46,-88,-88,4
1931,-58,-55,-51,-61,-44,-88,-86,4
1933,-58,-58,-46,-57,-47,-81,-80,4
1934,-59,-53,-51,-54,-45,-79,-87,4
1935,-60,-50,-48,-55,-46,-79,-87,4
1936,-59,-58,-48,-53,-55,-80,-88,4
1937,-59,-56,-49,-58,-52,-88,-84,4
1940,-55,-51,-48,-68,-51,-82,-86,4
1941,-58,-52,-51,-59,-49,-82,-86,4
1946,-55,-50,-49,-60,-45,-86,-87,4
1947,-55,-52,-45,-62,-46,-87,-85,4
1948,-62,-51,-46,-61,-49,-87,-85,4
1950,-59,-55,-48,-59,-46,-86,-83,4
1951,-60,-54,-45,-59,-45,-88,-83,4
1954,-59,-52,-50,-55,-55,-87,-85,4
1956,-57,-52,-48,-58,-51,-86,-87,4
1957,-58,-51,-51,-56,-54,-85,-83,4
1958,-56,-52,-50,-57,-53,-87,-86,4
1959,-57,-53,-50,-61,-56,-84,-83,4
1960,-59,-55,-50,-57,-52,-78,-83,4
1963,-56,-53,-51,-59,-50,-84,-84,4
1964,-57,-50,-51,-59,-51,-83,-84,4
1967,-56,-50,-51,-60,-58,-81,-84,4
1971,-61,-51,-52,-56,-47,-86,-90,4
1973,-63,-61,-49,-58,-46,-92,-83,4
1976,-56,-60,-47,-58,-46,-80,-82,4
1980,-55,-54,-46,-60,-50,-84,-86,4
1981,-56,-54,-47,-59,-52,-84,-91,4
1983,-57,-55,-48,-59,-51,-81,-86,4
1985,-58,-53,-46,-59,-50,-86,-90,4
1986,-56,-55,-44,-60,-51,-84,-86,4
1987,-56,-53,-43,-61,-58,-80,-85,4
1988,-57,-55,-50,-57,-49,-84,-85,4
1989,-56,-55,-54,-61,-46,-79,-79,4
1990,-57,-54,-49,-61,-43,-79,-85,4
1992,-57,-56,-53,-62,-48,-87,-88,4
1993,-63,-55,-50,-63,-50,-91,-85,4
1994,-61,-54,-51,-63,-44,-87,-88,4
1995,-59,-59,-48,-66,-50,-86,-94,4
1996,-59,-56,-50,-62,-47,-87,-90,4
1998,-62,-58,-52,-61,-41,-90,-85,4
1999,-59,-50,-45,-60,-45,-88,-87,4
