,Sex,Length,Diameter,Height,Whole weight,Shucked weight,Viscera weight,Shell weight,Rings
2146,M,0.465,0.35,0.12,0.5205,0.2015,0.1625,0.185,11
1569,I,0.475,0.36,0.145,0.6325,0.2825,0.137,0.19,8
3280,M,0.69,0.54,0.185,1.6195,0.533,0.353,0.555,24
3680,F,0.61,0.495,0.165,1.0835,0.4525,0.273,0.317,9
515,M,0.27,0.195,0.08,0.1,0.0385,0.0195,0.03,6
2979,M,0.49,0.355,0.155,0.981,0.465,0.2015,0.2505,8
2473,F,0.615,0.47,0.175,1.2985,0.5135,0.343,0.32,14
375,F,0.675,0.545,0.195,1.7345,0.6845,0.3695,0.605,20
1600,I,0.535,0.4,0.13,0.657,0.2835,0.162,0.175,7
397,M,0.47,0.38,0.145,0.5865,0.2385,0.144,0.185,8
2825,I,0.495,0.375,0.12,0.589,0.3075,0.1215,0.1405,8
100,I,0.36,0.265,0.095,0.2315,0.105,0.046,0.075,7
1196,F,0.71,0.56,0.18,1.652,0.735,0.381,0.4525,11
318,F,0.58,0.455,0.155,0.8365,0.315,0.1385,0.32,18
1928,F,0.615,0.495,0.16,1.255,0.5815,0.3195,0.3225,12
521,F,0.36,0.27,0.09,0.1885,0.0845,0.0385,0.055,5
2757,I,0.525,0.375,0.12,0.6315,0.3045,0.114,0.19,9
2791,M,0.625,0.5,0.14,1.096,0.5445,0.2165,0.295,10
3077,M,0.685,0.51,0.165,1.545,0.686,0.3775,0.4055,10
3387,M,0.545,0.41,0.145,0.873,0.3035,0.196,0.31,18
936,I,0.45,0.335,0.105,0.447,0.2335,0.153,0.119,7
3839,M,0.52,0.425,0.125,0.79,0.372,0.205,0.19,8
226,F,0.39,0.29,0.125,0.3055,0.121,0.082,0.09,7
3234,F,0.59,0.485,0.205,1.2315,0.4525,0.238,0.42,13
1340,M,0.585,0.465,0.155,0.9145,0.4555,0.1965,0.235,9
4048,F,0.625,0.495,0.16,1.234,0.6335,0.192,0.35,13
3238,M,0.695,0.53,0.15,1.477,0.6375,0.3025,0.43,14
1359,M,0.605,0.49,0.14,0.9755,0.419,0.206,0.315,10
3236,I,0.345,0.285,0.1,0.2225,0.0865,0.058,0.075,8
2977,I,0.43,0.33,0.1,0.449,0.254,0.0825,0.097,6
989,M,0.575,0.475,0.16,1.114,0.4955,0.2745,0.29,9
1373,M,0.615,0.475,0.17,1.129,0.4795,0.302,0.3,10
426,F,0.61,0.485,0.165,1.0915,0.3935,0.2435,0.33,18
80,F,0.575,0.445,0.14,0.941,0.3845,0.252,0.285,9
2112,M,0.525,0.405,0.13,0.7185,0.3265,0.1975,0.175,8
658,I,0.58,0.49,0.195,1.3165,0.5305,0.254,0.41,18
3220,M,0.5,0.4,0.145,0.6025,0.216,0.138,0.21,11
1179,M,0.65,0.5,0.155,1.202,0.565,0.3135,0.294,11
508,M,0.56,0.435,0.18,0.889,0.36,0.204,0.25,11
2872,I,0.4,0.315,0.09,0.3245,0.151,0.073,0.088,8
3452,F,0.555,0.44,0.145,0.8815,0.43,0.1975,0.2155,8
2154,M,0.55,0.44,0.135,0.879,0.368,0.2095,0.265,10
3849,M,0.385,0.3,0.115,0.3435,0.1645,0.085,0.1025,6
1993,I,0.29,0.21,0.06,0.1195,0.056,0.0235,0.03,6
3500,M,0.6,0.41,0.145,0.939,0.4475,0.196,0.268,8
1039,F,0.66,0.475,0.18,1.3695,0.641,0.294,0.335,6
3055,F,0.61,0.495,0.16,1.089,0.469,0.198,0.384,11
459,F,0.525,0.41,0.135,0.7085,0.293,0.1525,0.235,11
3231,M,0.41,0.325,0.12,0.3745,0.158,0.081,0.125,12
3891,F,0.56,0.46,0.18,0.97,0.342,0.196,0.355,12
1611,M,0.55,0.435,0.14,0.7625,0.327,0.1685,0.259,10
3257,M,0.505,0.385,0.11,0.655,0.3185,0.15,0.185,9
2831,M,0.535,0.405,0.14,0.818,0.402,0.1715,0.189,7
3262,F,0.595,0.485,0.145,1.2515,0.5035,0.2925,0.33,14
895,I,0.255,0.19,0.05,0.083,0.0295,0.0215,0.027,6
1466,M,0.515,0.425,0.145,0.9365,0.497,0.181,0.2185,8
190,M,0.615,0.48,0.18,1.1595,0.4845,0.2165,0.325,13
1739,M,0.675,0.525,0.16,1.2835,0.572,0.2755,0.3545,13
1114,I,0.525,0.4,0.14,0.601,0.2625,0.1285,0.1835,9
3881,F,0.565,0.455,0.13,1.058,0.439,0.2645,0.3,10
541,F,0.44,0.355,0.115,0.415,0.1585,0.0925,0.131,11
206,I,0.4,0.3,0.11,0.315,0.109,0.067,0.12,9
1983,F,0.725,0.57,0.205,1.6195,0.744,0.315,0.488,11
3172,F,0.505,0.405,0.18,0.606,0.239,0.1235,0.18,11
2325,F,0.415,0.305,0.105,0.3605,0.12,0.082,0.1,10
3898,F,0.565,0.46,0.15,0.8765,0.3455,0.1925,0.275,10
2474,M,0.605,0.49,0.145,1.3,0.517,0.3285,0.31,14
943,I,0.465,0.345,0.11,0.4415,0.1755,0.0905,0.12,7
158,F,0.58,0.455,0.17,0.9075,0.374,0.2135,0.285,13
689,M,0.59,0.44,0.15,0.9555,0.366,0.2425,0.295,11
309,M,0.57,0.435,0.145,0.9055,0.3925,0.2355,0.275,10
2851,F,0.635,0.51,0.185,1.286,0.526,0.295,0.4105,12
4038,I,0.55,0.445,0.125,0.672,0.288,0.1365,0.21,11
3565,F,0.575,0.475,0.16,0.895,0.3605,0.221,0.271,9
2268,F,0.545,0.445,0.175,0.8525,0.3465,0.189,0.295,13
576,I,0.56,0.425,0.14,0.9175,0.4005,0.1975,0.26,10
3840,F,0.53,0.41,0.145,0.8255,0.375,0.204,0.245,9
4112,F,0.56,0.42,0.18,1.6645,0.7755,0.35,0.4525,9
2681,M,0.62,0.49,0.155,1.1,0.505,0.2475,0.31,9
3409,I,0.395,0.31,0.095,0.313,0.131,0.072,0.093,7
709,I,0.295,0.225,0.09,0.1105,0.0405,0.0245,0.032,7
3390,M,0.56,0.44,0.16,1.1115,0.5035,0.2785,0.26,10
463,I,0.22,0.165,0.055,0.0545,0.0215,0.012,0.02,5
1197,M,0.715,0.55,0.19,2.0045,1.0465,0.407,0.5075,12
3313,M,0.4,0.31,0.11,0.314,0.138,0.057,0.1,11
3350,I,0.445,0.345,0.13,0.4075,0.1365,0.0645,0.18,11
1917,M,0.6,0.475,0.15,0.99,0.386,0.2195,0.3105,10
2230,M,0.555,0.43,0.165,0.7575,0.2735,0.1635,0.275,13
3249,M,0.3,0.24,0.09,0.161,0.0725,0.039,0.05,6
2775,I,0.585,0.46,0.145,0.8465,0.339,0.167,0.295,10
594,M,0.535,0.42,0.15,0.6995,0.2575,0.153,0.24,12
3326,I,0.55,0.415,0.135,0.8095,0.2985,0.2015,0.28,12
3540,I,0.445,0.355,0.095,0.3615,0.1415,0.0785,0.12,8
1520,M,0.67,0.5,0.19,1.519,0.616,0.388,0.415,10
2522,M,0.545,0.45,0.15,0.8795,0.387,0.15,0.2625,11
2271,F,0.52,0.41,0.17,0.8705,0.3735,0.219,0.25,14
1775,I,0.485,0.365,0.105,0.5205,0.195,0.123,0.182,8
3568,I,0.58,0.46,0.14,0.8295,0.3915,0.165,0.238,10
3962,F,0.72,0.575,0.195,2.1505,1.0745,0.382,0.585,10
2170,M,0.285,0.21,0.075,0.1185,0.055,0.0285,0.04,7
575,F,0.61,0.475,0.14,1.133,0.5275,0.2355,0.35,11
19,M,0.45,0.32,0.1,0.381,0.1705,0.075,0.115,9
1838,I,0.415,0.31,0.095,0.311,0.1125,0.0625,0.115,8
401,M,0.515,0.455,0.135,0.7225,0.295,0.1625,0.235,9
2172,I,0.215,0.15,0.03,0.0385,0.0115,0.005,0.01,5
2863,M,0.74,0.595,0.19,2.3235,1.1495,0.5115,0.505,11
498,F,0.615,0.525,0.155,1.0385,0.427,0.2315,0.345,11
1323,I,0.56,0.455,0.145,0.974,0.547,0.1615,0.235,9
3701,M,0.66,0.51,0.18,1.261,0.5,0.2335,0.339,10
1699,I,0.635,0.5,0.165,1.489,0.715,0.3445,0.3615,13
4080,I,0.555,0.43,0.125,0.7005,0.3395,0.1355,0.2095,8
1530,M,0.75,0.55,0.18,1.893,0.942,0.397,0.445,11
1604,M,0.54,0.455,0.14,0.972,0.419,0.255,0.269,10
2941,F,0.63,0.48,0.165,1.2615,0.5505,0.277,0.3885,10
708,M,0.36,0.295,0.13,0.2765,0.0895,0.057,0.1005,10
2063,M,0.525,0.385,0.1,0.5115,0.246,0.1005,0.1455,8
2985,I,0.535,0.4,0.135,0.775,0.368,0.208,0.2055,8
3528,I,0.35,0.265,0.085,0.1735,0.0775,0.034,0.056,6
1616,I,0.555,0.395,0.13,0.5585,0.222,0.1245,0.17,9
2658,I,0.55,0.42,0.13,0.636,0.294,0.144,0.1755,8
2759,F,0.545,0.44,0.15,0.9475,0.366,0.239,0.275,8
562,F,0.475,0.35,0.115,0.452,0.1715,0.092,0.155,11
3477,I,0.4,0.3,0.11,0.2985,0.1375,0.071,0.075,6
700,M,0.385,0.285,0.105,0.2905,0.1215,0.0685,0.0875,12
1189,M,0.69,0.53,0.21,1.583,0.7355,0.405,0.3865,12
1601,I,0.54,0.43,0.17,0.836,0.3725,0.1815,0.24,9
1209,F,0.78,0.63,0.215,2.657,1.488,0.4985,0.586,11
2885,I,0.505,0.4,0.125,0.5605,0.2255,0.1435,0.17,8
670,M,0.475,0.385,0.145,0.6175,0.235,0.108,0.215,14
1576,I,0.49,0.375,0.115,0.4615,0.204,0.0945,0.143,8
1397,M,0.645,0.5,0.195,1.401,0.6165,0.3515,0.3725,10
3567,I,0.58,0.46,0.14,0.9265,0.4135,0.1845,0.27,10
1711,M,0.645,0.51,0.16,1.33,0.6665,0.309,0.317,9
2472,M,0.645,0.515,0.175,1.6115,0.6745,0.384,0.385,14
3929,F,0.65,0.515,0.215,1.498,0.564,0.323,0.425,16
2992,I,0.595,0.43,0.165,0.9845,0.4525,0.207,0.2725,8
3702,F,0.665,0.54,0.195,1.764,0.8505,0.3615,0.47,11
1256,I,0.425,0.31,0.09,0.301,0.1385,0.065,0.08,7
3549,I,0.5,0.365,0.125,0.528,0.229,0.103,0.1645,9
2308,M,0.455,0.355,0.13,0.515,0.2,0.1275,0.175,11
3625,F,0.67,0.525,0.195,1.42,0.573,0.368,0.3905,10
288,M,0.44,0.355,0.125,0.4775,0.132,0.0815,0.19,9
4141,F,0.65,0.505,0.165,1.357,0.5725,0.281,0.43,11
1467,I,0.515,0.4,0.125,0.5625,0.25,0.1245,0.17,7
1232,I,0.37,0.29,0.09,0.2445,0.089,0.0655,0.075,7
85,F,0.57,0.465,0.18,1.295,0.339,0.2225,0.44,12
2260,M,0.55,0.46,0.175,0.869,0.3155,0.1825,0.32,10
2175,M,0.575,0.45,0.185,0.925,0.342,0.197,0.35,12
1539,I,0.355,0.26,0.09,0.1985,0.0715,0.0495,0.058,7
804,M,0.515,0.38,0.135,0.6615,0.2875,0.2095,0.155,10
3538,M,0.435,0.335,0.11,0.4385,0.2075,0.0715,0.1315,7
338,M,0.62,0.475,0.185,1.325,0.6045,0.325,0.33,13
2060,M,0.5,0.39,0.135,0.7815,0.361,0.1575,0.2385,9
4013,M,0.625,0.505,0.175,1.131,0.5425,0.2265,0.323,8
1215,I,0.305,0.215,0.065,0.1075,0.044,0.0205,0.038,5
870,M,0.615,0.505,0.165,1.34,0.5315,0.2815,0.41,12
2655,M,0.545,0.42,0.145,0.778,0.3745,0.1545,0.205,7
1011,F,0.625,0.48,0.17,1.3525,0.6235,0.278,0.365,10
2922,M,0.6,0.465,0.165,1.0475,0.465,0.2345,0.315,11
1443,M,0.415,0.315,0.115,0.3895,0.2015,0.065,0.103,9
3009,I,0.255,0.185,0.065,0.074,0.0305,0.0165,0.02,4
3928,I,0.725,0.55,0.22,2.0495,0.7735,0.4405,0.655,10
3921,M,0.375,0.28,0.095,0.2225,0.0875,0.043,0.08,10
1847,I,0.47,0.375,0.12,0.487,0.196,0.099,0.135,8
3703,F,0.67,0.51,0.155,1.278,0.5605,0.3045,0.358,11
1178,F,0.65,0.5,0.19,1.464,0.6415,0.339,0.4245,9
2774,F,0.58,0.425,0.15,0.844,0.3645,0.185,0.2705,9
3162,M,0.64,0.49,0.14,1.194,0.4445,0.238,0.375,15
3462,F,0.625,0.47,0.17,1.255,0.525,0.2415,0.405,10
2884,I,0.505,0.425,0.125,0.6115,0.245,0.1375,0.2,9
2090,M,0.775,0.57,0.22,2.032,0.735,0.4755,0.6585,17
1709,M,0.645,0.51,0.19,1.4745,0.605,0.345,0.48,9
3404,M,0.37,0.28,0.105,0.224,0.0815,0.0575,0.075,8
167,F,0.68,0.57,0.205,1.842,0.625,0.408,0.65,20
212,F,0.415,0.325,0.105,0.38,0.1595,0.0785,0.12,12
1756,F,0.725,0.565,0.21,2.1425,1.03,0.487,0.503,14
571,I,0.45,0.345,0.135,0.443,0.1975,0.0875,0.1175,14
3543,I,0.46,0.34,0.09,0.384,0.1795,0.068,0.11,8
1666,F,0.605,0.47,0.155,0.974,0.393,0.224,0.3345,9
3507,F,0.64,0.5,0.165,1.1635,0.554,0.239,0.32,11
1861,M,0.515,0.385,0.11,0.5785,0.253,0.16,0.14,8
3180,F,0.37,0.295,0.1,0.2685,0.1165,0.056,0.0835,7
627,F,0.38,0.305,0.095,0.2815,0.1255,0.0525,0.09,8
2283,I,0.435,0.345,0.12,0.4475,0.221,0.112,0.125,7
3032,I,0.535,0.42,0.145,0.6885,0.273,0.1515,0.237,9
2365,F,0.63,0.505,0.165,1.065,0.4595,0.216,0.315,12
2039,I,0.285,0.215,0.07,0.1075,0.051,0.0225,0.027,6
3813,I,0.35,0.26,0.095,0.221,0.0985,0.043,0.07,8
2533,M,0.63,0.5,0.185,1.362,0.5785,0.3125,0.384,10
1001,M,0.595,0.475,0.165,1.213,0.621,0.2435,0.274,9
1105,F,0.51,0.4,0.125,0.545,0.261,0.115,0.1385,6
1695,F,0.63,0.5,0.18,1.1965,0.514,0.2325,0.3995,8
2263,F,0.62,0.51,0.15,1.456,0.581,0.2875,0.32,13
1901,M,0.575,0.435,0.135,0.992,0.432,0.2225,0.239,10
3295,M,0.59,0.45,0.12,0.7485,0.3345,0.1315,0.22,14
950,M,0.48,0.385,0.145,0.64,0.2925,0.1405,0.1575,6
1030,F,0.645,0.515,0.15,1.212,0.515,0.2055,0.385,10
2442,M,0.475,0.355,0.125,0.4625,0.186,0.107,0.145,9
779,F,0.47,0.36,0.145,0.537,0.1725,0.1375,0.195,15
1432,I,0.365,0.255,0.08,0.1985,0.0785,0.0345,0.053,5
1074,I,0.41,0.3,0.1,0.282,0.1255,0.057,0.0875,7
768,F,0.55,0.43,0.155,0.785,0.289,0.227,0.233,11
3615,M,0.615,0.475,0.19,1.4335,0.7315,0.305,0.3285,9
2010,I,0.435,0.325,0.12,0.346,0.159,0.084,0.095,7
2441,M,0.54,0.415,0.17,0.879,0.339,0.208,0.255,10
1643,F,0.58,0.435,0.15,0.834,0.428,0.1515,0.23,8
3014,I,0.395,0.3,0.09,0.253,0.1155,0.05,0.075,6
2403,M,0.29,0.225,0.08,0.1295,0.0535,0.026,0.045,10
1597,I,0.53,0.43,0.135,0.6255,0.245,0.1455,0.2135,10
993,M,0.58,0.455,0.15,1.012,0.4985,0.2115,0.2835,10
3582,F,0.625,0.475,0.16,1.3335,0.605,0.2875,0.319,10
1194,F,0.7,0.525,0.19,1.6465,0.8545,0.307,0.3995,9
1395,M,0.64,0.525,0.18,1.3135,0.4865,0.2995,0.4075,10
2368,F,0.72,0.595,0.225,1.969,0.8045,0.423,0.66,16
3317,M,0.265,0.2,0.065,0.084,0.034,0.0105,0.03,7
2763,I,0.55,0.425,0.135,0.656,0.257,0.17,0.203,10
2022,F,0.53,0.43,0.15,0.741,0.325,0.1855,0.196,9
1505,M,0.635,0.51,0.185,1.308,0.544,0.318,0.377,8
1441,I,0.405,0.3,0.105,0.304,0.1455,0.061,0.0805,6
2392,M,0.33,0.25,0.09,0.197,0.085,0.041,0.0605,10
2253,F,0.645,0.5,0.2,1.4285,0.639,0.305,0.36,11
2991,M,0.595,0.485,0.15,1.0835,0.5305,0.231,0.276,8
3025,I,0.495,0.33,0.1,0.44,0.177,0.095,0.15,7
4104,F,0.71,0.545,0.175,1.907,0.8725,0.4565,0.475,11
1941,F,0.625,0.47,0.145,0.984,0.475,0.2,0.265,11
3641,I,0.465,0.37,0.115,0.4075,0.1515,0.0935,0.1455,9
1718,M,0.65,0.505,0.19,1.274,0.59,0.23,0.391,11
3483,I,0.47,0.355,0.115,0.4155,0.167,0.084,0.139,7
3747,I,0.385,0.29,0.1,0.2575,0.1,0.061,0.086,6
1927,M,0.615,0.47,0.15,1.0875,0.4975,0.283,0.2685,9
2094,I,0.405,0.305,0.09,0.2825,0.114,0.0575,0.095,7
1849,I,0.485,0.385,0.13,0.568,0.2505,0.178,0.154,7
2162,F,0.71,0.565,0.195,1.817,0.785,0.492,0.49,11
383,M,0.47,0.375,0.12,0.5565,0.226,0.122,0.195,12
2932,M,0.615,0.455,0.15,0.9335,0.382,0.247,0.2615,10
64,M,0.52,0.4,0.12,0.58,0.234,0.1315,0.185,8
3122,M,0.56,0.42,0.15,0.8755,0.44,0.1965,0.2315,8
2952,F,0.645,0.485,0.15,1.151,0.5935,0.2315,0.293,12
2787,F,0.61,0.45,0.13,0.8725,0.389,0.1715,0.272,11
2995,M,0.61,0.485,0.17,1.281,0.597,0.3035,0.33,9
2132,F,0.52,0.41,0.125,0.6985,0.2945,0.1625,0.215,10
3686,F,0.625,0.485,0.135,1.3025,0.61,0.2675,0.3605,14
2516,I,0.475,0.365,0.12,0.53,0.2505,0.0975,0.1625,10
2585,F,0.55,0.425,0.125,0.964,0.5475,0.159,0.215,8
1781,M,0.515,0.395,0.135,1.007,0.472,0.2495,0.252,8
2943,F,0.63,0.485,0.185,1.167,0.548,0.2485,0.34,10
3028,I,0.515,0.385,0.125,0.572,0.237,0.1435,0.165,7
1968,M,0.665,0.525,0.18,1.429,0.6715,0.29,0.4,12
3947,M,0.475,0.365,0.14,0.6175,0.202,0.1445,0.19,16
127,I,0.385,0.29,0.085,0.2505,0.112,0.061,0.08,8
389,I,0.465,0.375,0.12,0.471,0.222,0.119,0.14,9
1799,M,0.6,0.465,0.165,1.038,0.4975,0.2205,0.251,9
1937,M,0.625,0.515,0.17,1.331,0.5725,0.3005,0.361,9
3874,F,0.525,0.41,0.15,0.708,0.274,0.151,0.25,12
1522,M,0.68,0.515,0.17,1.6115,0.8415,0.306,0.395,11
1859,I,0.515,0.415,0.135,0.7125,0.285,0.152,0.245,10
3908,I,0.455,0.365,0.135,0.441,0.1515,0.1165,0.145,9
135,F,0.425,0.33,0.115,0.406,0.1635,0.081,0.1355,8
1663,M,0.605,0.475,0.145,0.884,0.3835,0.1905,0.27,8
3536,I,0.425,0.325,0.11,0.405,0.1695,0.092,0.1065,8
219,F,0.415,0.305,0.13,0.32,0.1305,0.0755,0.105,8
2665,F,0.575,0.48,0.15,0.897,0.4235,0.1905,0.248,8
2277,F,0.6,0.475,0.18,1.1805,0.4345,0.2475,0.425,19
1431,I,0.365,0.265,0.135,0.2215,0.105,0.047,0.0605,7
2575,M,0.5,0.375,0.145,0.6215,0.274,0.166,0.1485,7
3657,M,0.535,0.405,0.14,0.7315,0.336,0.156,0.19,7
3075,F,0.68,0.52,0.185,1.494,0.615,0.3935,0.406,11
475,M,0.53,0.415,0.175,0.7395,0.261,0.1395,0.2645,17
756,M,0.615,0.525,0.155,1.1375,0.367,0.236,0.37,20
698,F,0.43,0.335,0.12,0.444,0.155,0.1145,0.14,13
2754,I,0.525,0.385,0.13,0.607,0.2355,0.125,0.195,8
4061,M,0.62,0.465,0.145,0.911,0.375,0.2145,0.278,10
2244,I,0.355,0.28,0.1,0.2275,0.0935,0.0455,0.085,11
3902,I,0.16,0.12,0.02,0.018,0.0075,0.0045,0.005,4
1967,M,0.665,0.515,0.2,1.2695,0.5115,0.2675,0.436,12
2344,M,0.67,0.55,0.17,1.247,0.472,0.2455,0.4,21
2116,I,0.31,0.225,0.05,0.1445,0.0675,0.0385,0.045,6
2280,M,0.44,0.375,0.13,0.487,0.226,0.0965,0.155,9
3084,I,0.23,0.17,0.05,0.057,0.026,0.013,0.016,5
3266,F,0.495,0.385,0.135,0.6625,0.3005,0.1635,0.185,11
3093,F,0.52,0.43,0.15,0.728,0.302,0.1575,0.235,11
3089,M,0.455,0.35,0.11,0.458,0.2,0.111,0.1305,8
1618,I,0.555,0.46,0.145,0.9005,0.3845,0.158,0.2765,11
1024,F,0.645,0.5,0.155,1.2205,0.6145,0.236,0.3185,10
1252,I,0.41,0.335,0.11,0.33,0.157,0.0705,0.17,7
1536,I,0.335,0.255,0.08,0.168,0.079,0.0355,0.05,5
1738,F,0.67,0.54,0.195,1.619,0.74,0.3305,0.465,11
1303,F,0.535,0.41,0.13,0.7145,0.335,0.144,0.2075,9
2587,F,0.57,0.445,0.15,0.995,0.504,0.185,0.2505,9
3015,I,0.42,0.32,0.11,0.309,0.115,0.0645,0.0945,6
1023,F,0.64,0.5,0.175,1.394,0.4935,0.291,0.4,10
806,I,0.28,0.205,0.07,0.1015,0.041,0.03,0.03,6
2179,F,0.595,0.47,0.25,1.283,0.462,0.2475,0.445,14
300,F,0.405,0.305,0.095,0.3485,0.1455,0.0895,0.1,9
2323,I,0.395,0.325,0.105,0.306,0.111,0.0735,0.095,8
1675,F,0.61,0.485,0.18,1.2795,0.5735,0.2855,0.355,7
3443,I,0.485,0.37,0.1,0.513,0.219,0.1075,0.13,7
1907,F,0.575,0.43,0.155,0.7955,0.3485,0.1925,0.22,9
1204,M,0.735,0.585,0.185,2.124,0.952,0.55,0.5,11
2082,F,0.665,0.525,0.21,1.644,0.818,0.3395,0.4275,10
266,M,0.52,0.45,0.15,0.895,0.3615,0.186,0.235,14
2217,F,0.515,0.415,0.13,0.764,0.276,0.196,0.25,13
3049,M,0.59,0.405,0.15,0.853,0.326,0.2615,0.245,9
2511,I,0.425,0.31,0.105,0.365,0.159,0.0825,0.105,6
3939,M,0.555,0.42,0.145,0.8695,0.3075,0.2575,0.25,14
850,F,0.55,0.45,0.15,0.875,0.362,0.1755,0.2765,10
4037,I,0.54,0.415,0.155,0.702,0.322,0.167,0.19,10
1499,M,0.63,0.47,0.145,1.1005,0.52,0.26,0.276,9
1758,M,0.735,0.59,0.215,1.747,0.7275,0.403,0.557,11
4145,M,0.67,0.525,0.2,1.7405,0.6205,0.297,0.657,11
1457,F,0.475,0.365,0.115,0.566,0.281,0.117,0.1335,7
2233,M,0.595,0.475,0.17,1.0965,0.419,0.229,0.35,17
2784,M,0.6,0.45,0.145,0.877,0.4325,0.155,0.24,9
2123,F,0.29,0.21,0.075,0.275,0.113,0.0675,0.035,6
1526,M,0.705,0.56,0.165,1.675,0.797,0.4095,0.388,10
1952,I,0.64,0.49,0.135,1.1,0.488,0.2505,0.2925,10
3782,F,0.62,0.5,0.175,1.107,0.4895,0.24,0.343,11
1553,I,0.39,0.29,0.1,0.2225,0.095,0.0465,0.073,7
818,I,0.35,0.25,0.07,0.18,0.0655,0.048,0.054,6
1992,I,0.29,0.21,0.07,0.1115,0.048,0.0205,0.03,5
2918,I,0.6,0.445,0.135,0.9205,0.445,0.2035,0.253,9
4011,M,0.615,0.53,0.17,1.12,0.5775,0.2095,0.286,9
4100,F,0.675,0.52,0.175,1.494,0.7365,0.3055,0.37,9
484,M,0.63,0.48,0.145,1.0115,0.4235,0.237,0.305,12
261,F,0.57,0.44,0.125,0.865,0.3675,0.1725,0.27,12
1226,I,0.35,0.27,0.075,0.215,0.1,0.036,0.065,6
853,M,0.57,0.455,0.15,0.952,0.3895,0.2155,0.2745,9
764,F,0.61,0.47,0.145,1.153,0.403,0.296,0.32,14
3451,M,0.55,0.44,0.155,0.9155,0.3645,0.195,0.25,8
1912,I,0.58,0.44,0.145,0.7905,0.3525,0.1645,0.242,10
3186,F,0.47,0.36,0.11,0.4965,0.237,0.127,0.13,6
3563,I,0.575,0.455,0.155,0.8725,0.349,0.2095,0.285,8
75,F,0.6,0.475,0.15,1.0075,0.4425,0.221,0.28,15
1925,F,0.61,0.47,0.165,1.1785,0.566,0.2785,0.294,11
2857,M,0.665,0.515,0.19,1.6385,0.831,0.3575,0.371,11
4096,F,0.635,0.5,0.175,1.477,0.684,0.3005,0.39,12
3751,I,0.45,0.335,0.115,0.3935,0.195,0.071,0.11,7
3061,M,0.63,0.495,0.18,1.31,0.495,0.295,0.4695,10
3791,F,0.65,0.495,0.175,1.227,0.528,0.258,0.37,11
3455,M,0.6,0.475,0.155,1.1385,0.502,0.2295,0.31,9
353,M,0.58,0.455,0.17,0.93,0.408,0.259,0.22,9
1456,I,0.475,0.365,0.115,0.459,0.2175,0.093,0.1165,7
1262,I,0.455,0.345,0.105,0.4005,0.164,0.0755,0.126,8
1187,M,0.685,0.52,0.165,1.519,0.699,0.3685,0.4,10
2687,M,0.63,0.51,0.175,1.3415,0.6575,0.262,0.375,10
1652,M,0.595,0.45,0.14,0.838,0.3965,0.194,0.217,10
263,I,0.245,0.195,0.06,0.095,0.0445,0.0245,0.026,4
248,I,0.305,0.245,0.075,0.156,0.0675,0.038,0.045,7
76,M,0.595,0.475,0.14,0.944,0.3625,0.189,0.315,9
3525,I,0.33,0.23,0.085,0.1695,0.079,0.026,0.0505,6
1525,M,0.7,0.555,0.2,1.858,0.73,0.3665,0.595,11
4147,M,0.695,0.55,0.195,1.6645,0.727,0.36,0.445,11
1608,I,0.545,0.4,0.13,0.686,0.3285,0.1455,0.18,9
1428,F,0.815,0.65,0.25,2.255,0.8905,0.42,0.7975,14
3347,M,0.415,0.32,0.1,0.3005,0.1215,0.0575,0.104,11
1076,I,0.42,0.3,0.105,0.316,0.1255,0.07,0.1035,7
2428,F,0.53,0.385,0.125,0.6695,0.289,0.151,0.18,10
3243,F,0.655,0.51,0.16,1.092,0.396,0.2825,0.37,14
3570,M,0.58,0.47,0.165,1.041,0.54,0.166,0.279,9
3325,M,0.345,0.265,0.09,0.163,0.0615,0.037,0.0485,10
3288,F,0.605,0.475,0.145,1.0185,0.4695,0.225,0.27,15
3632,I,0.3,0.225,0.075,0.1345,0.057,0.028,0.044,5
216,M,0.45,0.35,0.13,0.46,0.174,0.111,0.135,8
3073,M,0.665,0.525,0.155,1.3575,0.5325,0.3045,0.4485,10
3607,M,0.515,0.39,0.14,0.678,0.341,0.1325,0.119,8
3068,M,0.65,0.51,0.175,1.3165,0.6345,0.2605,0.364,12
561,I,0.515,0.4,0.12,0.659,0.2705,0.179,0.17,13
2942,M,0.63,0.53,0.18,1.2795,0.618,0.256,0.315,9
2398,I,0.5,0.385,0.155,0.762,0.3795,0.161,0.19,14
3279,F,0.655,0.53,0.19,1.428,0.493,0.318,0.565,18
663,F,0.38,0.305,0.105,0.281,0.1045,0.0615,0.09,12
2561,I,0.44,0.345,0.115,0.545,0.269,0.111,0.1305,6
4086,M,0.59,0.45,0.155,0.874,0.369,0.2135,0.24,8
2425,I,0.575,0.45,0.17,0.9315,0.358,0.2145,0.26,13
3556,I,0.535,0.41,0.13,0.6075,0.268,0.1225,0.1975,9
960,M,0.5,0.4,0.125,0.6725,0.336,0.12,0.1825,7
2337,M,0.56,0.455,0.165,0.86,0.4015,0.1695,0.245,11
2920,M,0.6,0.45,0.195,1.34,0.617,0.3255,0.3605,10
298,M,0.49,0.395,0.14,0.549,0.2215,0.1275,0.15,11
2799,M,0.64,0.495,0.17,1.139,0.5395,0.282,0.285,10
241,I,0.27,0.2,0.07,0.1,0.034,0.0245,0.035,5
3363,I,0.54,0.405,0.15,0.7585,0.307,0.2075,0.19,10
4095,F,0.635,0.485,0.155,1.073,0.467,0.1975,0.35,11
2450,F,0.42,0.33,0.125,0.463,0.186,0.11,0.145,10
1102,M,0.5,0.39,0.125,0.5215,0.2485,0.117,0.131,6
3445,I,0.495,0.4,0.145,0.578,0.2545,0.1305,0.1645,8
933,I,0.45,0.36,0.13,0.478,0.191,0.127,0.137,7
2384,F,0.44,0.345,0.105,0.4285,0.165,0.083,0.132,11
3643,I,0.47,0.345,0.12,0.3685,0.1525,0.0615,0.125,8
1623,F,0.565,0.44,0.15,0.863,0.435,0.149,0.27,9
292,M,0.61,0.475,0.165,1.116,0.428,0.2205,0.315,15
1939,F,0.625,0.445,0.16,1.09,0.46,0.2965,0.304,11
2676,F,0.605,0.48,0.15,1.079,0.4505,0.2835,0.293,10
1893,I,0.565,0.46,0.155,0.8715,0.3755,0.215,0.25,10
1474,M,0.55,0.425,0.16,0.793,0.343,0.2035,0.215,9
4105,F,0.715,0.565,0.18,1.79,0.844,0.3535,0.5385,9
530,I,0.53,0.42,0.185,0.752,0.299,0.156,0.205,20
2788,F,0.615,0.46,0.15,1.0265,0.4935,0.201,0.2745,10
1218,I,0.315,0.23,0.07,0.1145,0.046,0.0235,0.0385,5
809,F,0.52,0.41,0.115,0.807,0.2855,0.179,0.235,12
433,M,0.545,0.42,0.14,0.7505,0.2475,0.13,0.255,22
3532,I,0.38,0.285,0.09,0.2305,0.1005,0.039,0.0775,7
114,F,0.545,0.41,0.125,0.6935,0.2975,0.146,0.21,11
1766,F,0.375,0.27,0.135,0.597,0.272,0.131,0.1675,7
3655,M,0.53,0.41,0.125,0.769,0.346,0.173,0.215,9
961,F,0.505,0.39,0.13,0.674,0.3165,0.141,0.1785,9
846,F,0.54,0.42,0.14,0.805,0.369,0.1725,0.21,11
256,M,0.56,0.45,0.185,1.07,0.3805,0.175,0.41,19
1090,I,0.45,0.33,0.1,0.411,0.1945,0.1,0.098,6
1302,I,0.535,0.415,0.15,0.5765,0.3595,0.135,0.225,8
2765,I,0.555,0.435,0.145,0.6975,0.262,0.1575,0.24,11
2826,M,0.5,0.365,0.13,0.5945,0.309,0.1085,0.1535,9
2783,M,0.6,0.495,0.185,1.1145,0.5055,0.2635,0.367,11
2040,I,0.32,0.255,0.085,0.1745,0.072,0.033,0.057,8
1347,I,0.59,0.445,0.135,0.7715,0.328,0.1745,0.23,9
761,F,0.55,0.44,0.155,0.946,0.313,0.1825,0.335,16
3465,F,0.64,0.48,0.195,1.1435,0.4915,0.2345,0.353,9
1057,I,0.225,0.165,0.055,0.059,0.027,0.0125,0.015,4
3022,I,0.46,0.37,0.11,0.3965,0.1485,0.0855,0.1455,8
339,F,0.565,0.45,0.195,1.0035,0.406,0.2505,0.285,15
2227,I,0.275,0.2,0.075,0.086,0.0305,0.019,0.03,7
3539,I,0.435,0.34,0.12,0.396,0.1775,0.081,0.125,8
3459,M,0.615,0.505,0.19,1.403,0.6715,0.2925,0.365,8
759,M,0.57,0.43,0.12,1.0615,0.348,0.167,0.31,15
3601,I,0.37,0.285,0.095,0.226,0.1135,0.0515,0.0675,8
1772,I,0.455,0.345,0.11,0.434,0.207,0.0855,0.1215,8
2205,I,0.275,0.22,0.08,0.1365,0.0565,0.0285,0.042,6
164,F,0.65,0.545,0.23,1.752,0.5605,0.2895,0.815,16
4012,F,0.62,0.465,0.14,1.011,0.479,0.2385,0.255,8
2592,M,0.59,0.465,0.14,1.046,0.4695,0.263,0.263,7
2623,F,0.705,0.56,0.205,2.381,0.9915,0.5005,0.624,10
3851,M,0.56,0.44,0.13,0.8255,0.2425,0.202,0.285,10
551,I,0.615,0.49,0.155,0.9885,0.4145,0.195,0.345,13
249,I,0.345,0.27,0.11,0.2135,0.082,0.0545,0.07,7
3297,M,0.645,0.5,0.19,1.229,0.524,0.278,0.395,17
1899,M,0.575,0.45,0.13,0.785,0.318,0.193,0.2265,9
841,F,0.495,0.41,0.125,0.7555,0.3355,0.129,0.214,9
3996,I,0.315,0.23,0.0,0.134,0.0575,0.0285,0.3505,6
903,I,0.315,0.235,0.075,0.1485,0.0585,0.0375,0.0425,6
2433,F,0.66,0.515,0.18,1.523,0.54,0.3365,0.555,16
89,F,0.575,0.45,0.16,0.9775,0.3135,0.231,0.33,12
1808,F,0.635,0.475,0.15,1.1845,0.533,0.307,0.291,10
2049,I,0.445,0.32,0.12,0.378,0.152,0.0825,0.12,8
820,I,0.365,0.275,0.135,0.24,0.108,0.0445,0.0735,7
2944,M,0.63,0.51,0.17,1.1885,0.4915,0.3065,0.348,7
489,F,0.57,0.455,0.165,1.0595,0.44,0.2195,0.285,14
4021,F,0.69,0.58,0.195,1.658,0.708,0.3615,0.4715,10
2594,F,0.595,0.465,0.15,1.0765,0.491,0.22,0.287,9
2983,F,0.525,0.41,0.135,0.7905,0.4065,0.198,0.177,8
3506,M,0.625,0.47,0.175,1.179,0.605,0.258,0.271,9
221,F,0.47,0.35,0.145,0.5175,0.187,0.1235,0.18,11
443,I,0.395,0.295,0.1,0.2715,0.134,0.0325,0.085,10
2095,M,0.415,0.3,0.1,0.3355,0.1545,0.0685,0.095,7
859,F,0.595,0.48,0.16,1.2095,0.5225,0.296,0.32,8
329,I,0.36,0.28,0.09,0.2255,0.0885,0.04,0.09,8
3124,F,0.575,0.45,0.135,0.8285,0.362,0.1655,0.236,10
224,I,0.425,0.38,0.105,0.3265,0.1285,0.0785,0.1,10
3789,F,0.645,0.51,0.155,1.129,0.5015,0.24,0.342,10
3331,F,0.51,0.34,0.18,0.7005,0.312,0.165,0.2,11
1379,F,0.62,0.475,0.16,1.1295,0.463,0.2685,0.33,10
2110,I,0.325,0.25,0.055,0.166,0.076,0.051,0.045,5
3720,F,0.38,0.32,0.115,0.6475,0.323,0.1325,0.164,7
2605,F,0.62,0.475,0.16,1.3245,0.6865,0.233,0.3275,9
1038,M,0.66,0.495,0.195,1.6275,0.594,0.3595,0.485,10
3893,I,0.435,0.355,0.125,0.4075,0.1535,0.074,0.165,9
2003,I,0.375,0.28,0.08,0.226,0.105,0.047,0.065,6
2796,M,0.63,0.525,0.195,1.3135,0.4935,0.2565,0.465,10
3091,M,0.495,0.38,0.12,0.474,0.197,0.1065,0.1545,10
3392,M,0.645,0.515,0.185,1.4605,0.5835,0.3155,0.41,19
1664,I,0.605,0.47,0.145,0.8025,0.379,0.2265,0.22,9
980,F,0.55,0.445,0.155,0.9905,0.544,0.178,0.218,9
1394,M,0.64,0.565,0.23,1.521,0.644,0.372,0.406,15
2242,F,0.475,0.38,0.135,0.486,0.1735,0.07,0.185,7
1863,I,0.52,0.415,0.14,0.6375,0.308,0.1335,0.168,9
3330,F,0.385,0.305,0.125,0.314,0.146,0.0555,0.08,10
2808,F,0.705,0.54,0.205,1.757,0.8265,0.417,0.461,9
2962,I,0.67,0.485,0.175,1.2565,0.5355,0.322,0.386,9
369,F,0.69,0.56,0.215,1.719,0.68,0.299,0.47,17
2130,M,0.585,0.455,0.14,0.97,0.462,0.185,0.295,9
4032,I,0.485,0.365,0.09,0.651,0.3165,0.132,0.18,8
3729,M,0.51,0.38,0.135,0.681,0.3435,0.142,0.17,9
2967,M,0.68,0.515,0.16,1.2345,0.618,0.2625,0.325,11
382,M,0.485,0.4,0.135,0.663,0.313,0.137,0.2,10
1067,I,0.34,0.265,0.08,0.2015,0.09,0.0475,0.055,5
2939,F,0.625,0.49,0.145,0.92,0.437,0.1735,0.28,10
3195,F,0.545,0.405,0.175,0.98,0.2585,0.207,0.38,18
2892,M,0.53,0.405,0.15,0.8315,0.352,0.187,0.2525,10
2114,I,0.13,0.095,0.035,0.0105,0.005,0.0065,0.0035,4
2228,F,0.505,0.39,0.175,0.692,0.267,0.15,0.215,12
1164,M,0.615,0.46,0.17,1.0565,0.4815,0.272,0.27,10
3005,M,0.68,0.54,0.21,1.7885,0.8345,0.408,0.437,13
4156,M,0.475,0.37,0.11,0.4895,0.2185,0.107,0.146,8
4136,F,0.615,0.495,0.155,1.0805,0.52,0.19,0.32,9
2907,M,0.58,0.46,0.15,1.049,0.5205,0.1935,0.305,10
3757,I,0.52,0.41,0.14,0.699,0.3395,0.129,0.1945,10
3415,F,0.56,0.465,0.16,1.0315,0.432,0.2025,0.337,9
2033,M,0.61,0.49,0.16,1.112,0.465,0.228,0.341,10
3213,F,0.555,0.42,0.14,0.868,0.33,0.243,0.21,13
2249,F,0.585,0.455,0.165,0.998,0.345,0.2495,0.315,12
1786,I,0.535,0.385,0.18,1.0835,0.4955,0.2295,0.304,8
3819,M,0.57,0.45,0.14,0.9275,0.477,0.1605,0.2515,8
3745,I,0.285,0.205,0.07,0.106,0.039,0.0285,0.034,5
843,M,0.505,0.44,0.14,0.8275,0.3415,0.1855,0.239,8
1181,F,0.655,0.51,0.175,1.415,0.5885,0.3725,0.364,10
3656,I,0.53,0.395,0.125,0.6235,0.2975,0.108,0.195,11
3787,M,0.63,0.49,0.16,1.09,0.407,0.224,0.354,12
2415,M,0.4,0.315,0.105,0.287,0.1135,0.037,0.113,10
3740,F,0.65,0.5,0.17,1.4045,0.694,0.318,0.3235,11
3003,F,0.655,0.505,0.175,1.2905,0.6205,0.2965,0.326,10
1994,I,0.29,0.21,0.065,0.097,0.0375,0.022,0.03,6
3160,I,0.275,0.2,0.065,0.1165,0.0565,0.013,0.035,7
3371,M,0.33,0.235,0.09,0.163,0.0615,0.034,0.055,10
2550,I,0.28,0.22,0.08,0.1315,0.066,0.024,0.03,5
1217,I,0.315,0.23,0.08,0.1375,0.0545,0.031,0.0445,5
3171,M,0.525,0.405,0.16,0.792,0.316,0.1455,0.28,13
991,F,0.58,0.46,0.15,1.1155,0.5575,0.2255,0.29,7
729,F,0.52,0.4,0.12,0.6515,0.261,0.2015,0.165,15
2767,I,0.56,0.44,0.14,0.825,0.402,0.139,0.245,10
3752,I,0.475,0.355,0.135,0.4775,0.2145,0.09,0.1435,8
1590,I,0.52,0.39,0.13,0.5545,0.2355,0.1095,0.1895,7
400,F,0.485,0.365,0.12,0.5885,0.27,0.131,0.175,9
2002,I,0.36,0.27,0.085,0.196,0.0905,0.034,0.053,7
3024,I,0.475,0.375,0.11,0.456,0.182,0.099,0.16,9
2955,M,0.65,0.52,0.195,1.676,0.693,0.44,0.47,15
2677,F,0.615,0.475,0.17,1.055,0.543,0.246,0.2345,9
2006,I,0.405,0.25,0.09,0.2875,0.128,0.063,0.0805,7
902,I,0.305,0.22,0.07,0.141,0.062,0.031,0.037,5
3577,M,0.6,0.475,0.23,1.157,0.522,0.2235,0.36,11
198,M,0.56,0.45,0.16,0.922,0.432,0.178,0.26,15
952,M,0.48,0.365,0.12,0.6015,0.312,0.117,0.14,7
1106,I,0.51,0.4,0.125,0.5575,0.2615,0.1195,0.1525,9
3666,I,0.575,0.44,0.15,0.983,0.486,0.215,0.239,8
867,F,0.615,0.5,0.175,1.377,0.5585,0.33,0.292,12
1988,I,0.21,0.15,0.055,0.0465,0.017,0.012,0.015,5
1796,M,0.585,0.455,0.145,0.953,0.3945,0.2685,0.258,10
1351,F,0.595,0.465,0.155,1.026,0.4645,0.112,0.305,12
559,I,0.52,0.4,0.145,0.66,0.267,0.1055,0.22,13
2488,M,0.5,0.385,0.145,0.7615,0.246,0.195,0.204,14
2716,I,0.34,0.245,0.085,0.2015,0.1005,0.038,0.053,6
1961,F,0.655,0.515,0.18,1.412,0.6195,0.2485,0.497,11
3663,I,0.55,0.4,0.135,0.717,0.3315,0.1495,0.221,9
273,M,0.63,0.505,0.225,1.525,0.56,0.3335,0.45,15
491,M,0.58,0.46,0.13,0.921,0.357,0.181,0.29,13
1315,I,0.55,0.425,0.135,0.7305,0.3325,0.1545,0.215,9
327,M,0.51,0.4,0.13,0.6435,0.27,0.1665,0.205,12
1733,M,0.665,0.5,0.175,1.2975,0.6075,0.314,0.315,9
638,I,0.44,0.345,0.12,0.487,0.1965,0.108,0.16,14
505,M,0.6,0.47,0.175,1.105,0.4865,0.247,0.315,15
139,M,0.375,0.285,0.095,0.253,0.096,0.0575,0.0925,9
2258,M,0.43,0.335,0.115,0.406,0.166,0.0935,0.135,8
2937,M,0.625,0.515,0.165,1.217,0.667,0.2065,0.3115,10
3006,M,0.7,0.545,0.185,1.6135,0.75,0.4035,0.3685,11
1389,M,0.635,0.49,0.16,1.101,0.534,0.1865,0.3455,10
69,I,0.31,0.235,0.07,0.151,0.063,0.0405,0.045,6
2805,F,0.66,0.525,0.2,1.463,0.6525,0.2995,0.422,11
2801,M,0.64,0.515,0.08,1.042,0.515,0.1755,0.175,10
3225,I,0.44,0.35,0.12,0.375,0.1425,0.0965,0.115,9
1667,F,0.605,0.505,0.18,1.434,0.7285,0.264,0.431,11
1688,M,0.625,0.49,0.165,1.1165,0.4895,0.2615,0.3325,11
1391,F,0.635,0.495,0.175,1.211,0.707,0.2725,0.323,9
2200,F,0.65,0.515,0.195,1.4005,0.5195,0.36,0.44,13
3912,I,0.52,0.405,0.14,0.6765,0.2865,0.146,0.205,15
2290,I,0.325,0.27,0.1,0.185,0.08,0.0435,0.065,6
3637,I,0.435,0.325,0.1,0.342,0.1335,0.0835,0.105,6
606,M,0.345,0.27,0.09,0.195,0.078,0.0455,0.059,9
268,M,0.47,0.39,0.15,0.6355,0.2185,0.0885,0.255,9
1319,I,0.555,0.425,0.145,0.7905,0.3485,0.1765,0.225,9
971,M,0.515,0.39,0.155,0.7125,0.3695,0.137,0.155,7
2080,M,0.645,0.495,0.15,1.2095,0.603,0.2225,0.339,9
3148,F,0.71,0.53,0.195,1.8745,0.6755,0.4065,0.6855,12
2846,M,0.625,0.475,0.175,1.3405,0.656,0.283,0.337,10
3726,I,0.5,0.395,0.145,0.7865,0.332,0.1815,0.2455,8
4024,I,0.33,0.245,0.065,0.1445,0.058,0.032,0.0505,6
657,F,0.615,0.515,0.17,1.14,0.4305,0.2245,0.42,16
2142,I,0.46,0.35,0.11,0.3945,0.1685,0.0865,0.125,9
3088,I,0.425,0.32,0.085,0.262,0.1235,0.067,0.0725,8
254,M,0.6,0.495,0.165,1.2415,0.485,0.2775,0.34,15
746,F,0.66,0.52,0.2,1.676,0.673,0.4805,0.45,17
2947,M,0.635,0.485,0.18,1.1795,0.4785,0.2775,0.355,10
1960,F,0.65,0.51,0.185,1.375,0.531,0.384,0.3985,10
1242,I,0.385,0.29,0.09,0.2615,0.111,0.0595,0.0745,9
1040,M,0.67,0.525,0.165,1.6085,0.682,0.3145,0.4005,11
160,M,0.605,0.465,0.165,1.056,0.4215,0.2475,0.34,13
2672,F,0.595,0.465,0.15,1.1005,0.5415,0.166,0.265,8
1741,M,0.68,0.52,0.195,1.4535,0.592,0.391,0.4125,10
3858,F,0.565,0.45,0.165,0.9765,0.322,0.244,0.37,12
2421,I,0.52,0.415,0.16,0.595,0.2105,0.142,0.26,15
1826,I,0.31,0.215,0.075,0.1275,0.0565,0.0275,0.036,7
2347,M,0.505,0.4,0.13,0.764,0.3035,0.189,0.2175,11
3300,F,0.615,0.5,0.205,1.1055,0.4445,0.227,0.39,16
205,F,0.44,0.34,0.14,0.482,0.186,0.1085,0.16,9
3302,F,0.71,0.575,0.175,1.555,0.6465,0.3705,0.52,15
650,M,0.255,0.18,0.065,0.079,0.034,0.014,0.025,5
1856,I,0.505,0.405,0.13,0.599,0.2245,0.1175,0.225,11
3097,M,0.545,0.435,0.145,0.9385,0.3685,0.1245,0.345,11
1314,I,0.55,0.435,0.14,0.7535,0.3285,0.1555,0.2325,10
88,F,0.46,0.355,0.13,0.517,0.2205,0.114,0.165,9
2521,M,0.54,0.42,0.12,0.8115,0.392,0.1455,0.2235,9
1372,F,0.615,0.475,0.165,1.023,0.4905,0.1955,0.3035,12
2093,F,0.505,0.385,0.115,0.616,0.243,0.1075,0.21,11
119,M,0.405,0.305,0.085,0.2605,0.1145,0.0595,0.085,8
754,M,0.65,0.515,0.175,1.4805,0.5295,0.272,0.525,20
816,I,0.335,0.25,0.08,0.183,0.0735,0.04,0.0575,6
2498,M,0.495,0.4,0.14,0.7775,0.2015,0.18,0.25,15
2874,I,0.425,0.34,0.1,0.371,0.15,0.0865,0.115,8
3876,M,0.545,0.45,0.16,0.8615,0.2925,0.1545,0.365,16
2196,I,0.37,0.28,0.09,0.233,0.0905,0.0545,0.07,11
3970,I,0.385,0.285,0.09,0.248,0.0935,0.066,0.07,6
1561,I,0.45,0.34,0.095,0.3245,0.1385,0.064,0.105,8
1345,M,0.585,0.475,0.15,1.065,0.5315,0.199,0.2885,10
67,F,0.595,0.495,0.185,1.285,0.416,0.224,0.485,13
1126,M,0.56,0.43,0.145,0.8995,0.464,0.1775,0.234,9
4124,I,0.5,0.385,0.12,0.516,0.197,0.1305,0.165,8
1241,I,0.38,0.27,0.08,0.2105,0.0865,0.042,0.07,8
3987,F,0.655,0.545,0.185,1.759,0.6865,0.313,0.547,11
3095,M,0.53,0.415,0.12,0.706,0.3355,0.1635,0.1345,9
808,F,0.44,0.34,0.13,0.4195,0.153,0.1155,0.13,10
3210,M,0.565,0.45,0.14,1.0055,0.3785,0.244,0.265,12
110,M,0.495,0.395,0.125,0.5415,0.2375,0.1345,0.155,9
157,M,0.645,0.485,0.215,1.514,0.546,0.2615,0.635,16
3670,M,0.59,0.465,0.135,0.9895,0.4235,0.199,0.28,8
3478,I,0.435,0.335,0.11,0.411,0.2025,0.0945,0.1,7
3617,M,0.62,0.46,0.16,0.9505,0.4915,0.2,0.228,9
889,F,0.685,0.54,0.16,1.6675,0.833,0.3775,0.475,11
2009,I,0.43,0.32,0.11,0.3675,0.1675,0.102,0.105,8
1191,M,0.695,0.56,0.185,1.74,0.885,0.3715,0.4375,10
4120,M,0.35,0.265,0.09,0.197,0.073,0.0365,0.077,7
2790,F,0.62,0.48,0.165,1.0125,0.5325,0.4365,0.324,10
3339,F,0.585,0.475,0.185,0.8575,0.3465,0.1785,0.275,12
1665,F,0.605,0.48,0.14,0.991,0.4735,0.2345,0.24,8
3393,M,0.575,0.435,0.13,1.0105,0.368,0.222,0.32,10
3405,I,0.34,0.25,0.075,0.1765,0.0785,0.0405,0.05,7
3864,I,0.32,0.235,0.065,0.1385,0.058,0.0225,0.05,5
3031,I,0.525,0.4,0.11,0.6275,0.3015,0.126,0.18,8
3988,M,0.665,0.515,0.165,1.3855,0.621,0.302,0.3445,8
1475,F,0.56,0.43,0.15,0.8745,0.453,0.161,0.22,8
391,M,0.475,0.375,0.125,0.593,0.277,0.115,0.18,10
702,F,0.445,0.33,0.105,0.4525,0.18,0.103,0.123,9
2219,F,0.485,0.375,0.145,0.5885,0.2385,0.1155,0.19,13
2145,F,0.415,0.325,0.115,0.3455,0.1405,0.0765,0.11,9
1184,I,0.665,0.5,0.17,1.2975,0.6035,0.291,0.3595,9
1137,F,0.575,0.45,0.16,1.068,0.556,0.214,0.2575,10
1108,I,0.515,0.385,0.125,0.6115,0.3175,0.1265,0.15,8
1809,F,0.64,0.475,0.14,1.0725,0.4895,0.2295,0.31,8
2178,F,0.595,0.48,0.2,0.975,0.358,0.2035,0.34,15
2302,M,0.46,0.375,0.13,0.5735,0.2505,0.119,0.195,9
1969,F,0.67,0.53,0.205,1.4015,0.643,0.2465,0.416,12
797,M,0.44,0.335,0.11,0.394,0.157,0.096,0.122,9
436,I,0.36,0.275,0.095,0.217,0.084,0.0435,0.09,7
303,M,0.36,0.27,0.1,0.217,0.0885,0.0495,0.0715,6
985,M,0.57,0.45,0.155,1.1935,0.513,0.21,0.343,10
2776,M,0.585,0.465,0.165,0.885,0.4025,0.1625,0.274,10
1083,I,0.44,0.33,0.11,0.3705,0.1545,0.084,0.12,7
1740,F,0.675,0.51,0.195,1.382,0.6045,0.3175,0.3965,10
2468,F,0.37,0.275,0.08,0.227,0.093,0.0625,0.07,8
2866,I,0.32,0.205,0.08,0.181,0.088,0.034,0.0495,5
825,I,0.395,0.29,0.095,0.319,0.138,0.08,0.082,7
33,F,0.68,0.55,0.175,1.798,0.815,0.3925,0.455,19
4106,F,0.72,0.59,0.205,1.7495,0.7755,0.4225,0.48,11
2931,F,0.615,0.515,0.135,1.1215,0.545,0.2305,0.29,9
2927,F,0.61,0.47,0.195,1.2735,0.469,0.3315,0.398,12
3672,F,0.595,0.44,0.135,0.964,0.5005,0.1715,0.2575,10
116,F,0.49,0.375,0.135,0.6125,0.2555,0.102,0.22,11
2715,I,0.335,0.25,0.08,0.167,0.0675,0.0325,0.0575,6
2338,M,0.655,0.485,0.195,1.62,0.6275,0.358,0.485,17
1798,M,0.6,0.495,0.175,1.3005,0.6195,0.284,0.3285,11
1193,M,0.7,0.575,0.19,2.273,1.095,0.418,0.638,12
2702,M,0.68,0.52,0.165,1.4775,0.724,0.279,0.406,11
480,F,0.7,0.585,0.185,1.8075,0.7055,0.3215,0.475,29
3647,I,0.485,0.365,0.125,0.426,0.163,0.0965,0.151,8
2552,I,0.31,0.225,0.075,0.155,0.065,0.037,0.0365,6
3821,M,0.595,0.46,0.155,1.03,0.4275,0.207,0.3305,10
1004,F,0.605,0.49,0.15,1.1345,0.5265,0.2645,0.295,9
276,F,0.66,0.53,0.185,1.3485,0.493,0.245,0.49,12
1449,M,0.45,0.335,0.125,0.4475,0.2165,0.126,0.11,6
2543,F,0.7,0.525,0.19,1.6015,0.707,0.365,0.43,10
3997,I,0.36,0.27,0.09,0.2075,0.098,0.039,0.062,6
452,F,0.665,0.555,0.195,1.4385,0.581,0.354,0.36,17
3167,M,0.605,0.49,0.155,1.153,0.503,0.2505,0.295,15
1566,I,0.465,0.37,0.12,0.4365,0.188,0.0815,0.147,9
168,M,0.705,0.56,0.22,1.981,0.8175,0.3085,0.76,14
2779,M,0.59,0.47,0.145,0.9235,0.4545,0.173,0.254,9
1877,I,0.54,0.39,0.125,0.6255,0.2525,0.158,0.19,8
1793,M,0.575,0.44,0.185,1.025,0.5075,0.2245,0.2485,10
2188,M,0.47,0.37,0.135,0.547,0.222,0.1325,0.17,12
1761,M,0.75,0.595,0.205,2.2205,1.083,0.421,0.63,12
2486,F,0.49,0.4,0.145,0.6635,0.21,0.1295,0.2515,13
496,F,0.64,0.52,0.175,1.248,0.4245,0.2595,0.48,12
1658,I,0.6,0.48,0.17,0.9175,0.38,0.2225,0.29,8
2393,I,0.3,0.22,0.09,0.1425,0.057,0.0335,0.043,7
3960,M,0.69,0.55,0.195,1.777,0.769,0.38,0.4305,11
3979,M,0.495,0.375,0.115,0.6245,0.282,0.143,0.155,6
3283,F,0.59,0.475,0.155,0.9715,0.371,0.235,0.28,11
3090,M,0.46,0.355,0.14,0.491,0.207,0.115,0.174,10
343,F,0.505,0.375,0.18,0.568,0.2325,0.1495,0.17,12
1013,F,0.625,0.475,0.175,1.1435,0.4755,0.2475,0.349,10
2836,M,0.58,0.445,0.16,0.984,0.49,0.201,0.27,9
2753,I,0.515,0.39,0.11,0.531,0.2415,0.098,0.1615,8
417,M,0.63,0.515,0.165,1.352,0.488,0.349,0.45,20
3626,M,0.69,0.53,0.19,1.5955,0.678,0.331,0.48,10
1111,I,0.52,0.38,0.125,0.5545,0.288,0.1295,0.167,8
2461,F,0.5,0.385,0.13,0.768,0.2625,0.095,0.27,13
1648,M,0.59,0.49,0.165,1.207,0.559,0.235,0.309,10
1406,F,0.655,0.52,0.19,1.4545,0.6,0.3865,0.383,10
833,I,0.445,0.335,0.1,0.4895,0.2745,0.086,0.1105,7
2177,F,0.58,0.45,0.235,1.071,0.3,0.206,0.395,14
2447,I,0.275,0.205,0.08,0.096,0.036,0.0185,0.03,6
915,I,0.375,0.28,0.09,0.215,0.084,0.06,0.055,6
2949,M,0.635,0.515,0.16,1.2075,0.5385,0.282,0.345,11
2378,I,0.415,0.325,0.115,0.3285,0.1405,0.051,0.106,12
3492,M,0.555,0.44,0.145,0.85,0.4165,0.1685,0.23,8
2758,M,0.535,0.43,0.155,0.7845,0.3285,0.169,0.245,10
2467,M,0.51,0.415,0.14,0.8185,0.3025,0.2155,0.235,16
2764,I,0.55,0.465,0.15,0.936,0.481,0.174,0.2435,9
631,F,0.43,0.34,0.12,0.391,0.1555,0.095,0.1405,7
743,F,0.52,0.405,0.14,0.8175,0.2795,0.183,0.26,17
3838,I,0.335,0.25,0.095,0.185,0.0795,0.0495,0.055,8
2880,I,0.475,0.375,0.11,0.494,0.211,0.109,0.1545,8
2654,F,0.545,0.43,0.14,0.832,0.4355,0.17,0.201,9
442,F,0.505,0.425,0.14,0.85,0.275,0.1625,0.285,19
3426,M,0.71,0.55,0.2,1.9045,0.882,0.44,0.5,13
1790,F,0.55,0.38,0.165,1.205,0.543,0.294,0.3345,10
2749,I,0.505,0.38,0.135,0.5385,0.2645,0.095,0.165,9
3589,M,0.65,0.515,0.18,1.463,0.658,0.3135,0.4115,11
3147,F,0.645,0.5,0.18,1.2785,0.5345,0.2995,0.345,13
3695,F,0.65,0.52,0.195,1.281,0.5985,0.246,0.3825,10
1249,I,0.395,0.27,0.1,0.2985,0.1445,0.061,0.082,5
1445,I,0.43,0.34,0.105,0.4405,0.2385,0.0745,0.1075,6
894,I,0.24,0.175,0.065,0.0665,0.031,0.0135,0.017,3
337,M,0.59,0.45,0.185,1.283,0.473,0.276,0.425,16
3574,F,0.6,0.47,0.17,1.0805,0.4995,0.2245,0.3205,9
586,I,0.52,0.425,0.17,0.6805,0.28,0.174,0.195,10
1888,F,0.565,0.445,0.125,0.8305,0.3135,0.1785,0.23,11
835,I,0.45,0.35,0.13,0.547,0.245,0.1405,0.1405,8
2886,M,0.505,0.365,0.115,0.521,0.25,0.096,0.15,8
1858,F,0.51,0.4,0.12,0.7005,0.347,0.1105,0.195,10
2273,F,0.67,0.52,0.15,1.406,0.519,0.348,0.37,13
4079,M,0.55,0.385,0.13,0.7275,0.343,0.1625,0.19,8
2329,I,0.48,0.39,0.145,0.5825,0.2315,0.121,0.255,15
1332,I,0.57,0.44,0.13,0.7665,0.347,0.1785,0.202,10
3658,I,0.535,0.45,0.155,0.8075,0.3655,0.148,0.2595,10
2908,F,0.58,0.45,0.17,0.9705,0.4615,0.232,0.248,9
1369,F,0.615,0.475,0.155,1.004,0.4475,0.193,0.2895,10
1382,F,0.625,0.515,0.16,1.264,0.5715,0.326,0.321,9
462,I,0.24,0.185,0.07,0.0715,0.026,0.018,0.025,6
2213,M,0.63,0.51,0.23,1.539,0.5635,0.2815,0.57,17
3943,M,0.55,0.45,0.175,1.0985,0.3765,0.215,0.4,14
1357,M,0.6,0.46,0.155,0.9595,0.4455,0.189,0.295,11
2072,M,0.58,0.45,0.12,0.8685,0.418,0.1475,0.2605,8
1502,M,0.63,0.48,0.15,1.271,0.6605,0.2425,0.31,11
3471,F,0.725,0.58,0.185,1.523,0.8045,0.3595,0.4375,9
3606,F,0.51,0.375,0.11,0.5805,0.2865,0.118,0.148,7
593,F,0.66,0.52,0.18,1.514,0.526,0.2975,0.42,19
817,I,0.35,0.27,0.09,0.2055,0.075,0.0575,0.062,6
270,F,0.64,0.525,0.215,1.779,0.4535,0.2855,0.55,22
3882,F,0.67,0.545,0.16,1.5415,0.5985,0.2565,0.495,15
2246,F,0.38,0.325,0.11,0.3105,0.12,0.074,0.105,10
2438,F,0.515,0.4,0.17,0.796,0.258,0.1755,0.28,16
1644,M,0.58,0.46,0.155,1.0335,0.469,0.2225,0.295,10
235,I,0.295,0.225,0.08,0.124,0.0485,0.032,0.04,9
4070,I,0.48,0.335,0.125,0.524,0.246,0.1095,0.145,7
1943,F,0.635,0.485,0.165,1.2695,0.5635,0.3065,0.3395,11
815,I,0.325,0.25,0.08,0.1735,0.0765,0.0345,0.049,7
1320,I,0.56,0.425,0.135,0.8205,0.3715,0.185,0.236,9
2832,F,0.54,0.42,0.14,0.8035,0.38,0.1805,0.21,9
610,F,0.44,0.345,0.17,0.4085,0.15,0.0825,0.1515,12
3116,M,0.465,0.405,0.135,0.7775,0.436,0.1715,0.1455,10
2965,M,0.67,0.525,0.195,1.4405,0.6595,0.2675,0.425,9
1461,M,0.485,0.37,0.13,0.526,0.2485,0.105,0.1555,6
1237,I,0.375,0.275,0.095,0.2465,0.11,0.0415,0.0775,6
3982,I,0.58,0.435,0.15,0.8915,0.363,0.1925,0.2515,6
1295,I,0.525,0.4,0.125,0.6965,0.369,0.1385,0.164,9
3861,F,0.63,0.475,0.175,1.423,0.4155,0.3385,0.49,14
1651,F,0.595,0.435,0.15,0.9,0.4175,0.17,0.265,8
1647,F,0.585,0.445,0.14,0.913,0.4305,0.2205,0.253,10
4161,F,0.585,0.455,0.17,0.9945,0.4255,0.263,0.2845,11
1723,F,0.655,0.505,0.19,1.3485,0.5935,0.2745,0.425,12
2936,M,0.625,0.495,0.175,1.2075,0.531,0.281,0.3525,11
2956,F,0.65,0.565,0.2,1.6645,0.753,0.367,0.43,12
3779,M,0.595,0.48,0.185,1.1785,0.526,0.2975,0.314,10
2256,M,0.52,0.38,0.135,0.5825,0.2505,0.1565,0.175,8
1469,M,0.525,0.4,0.14,0.7205,0.3685,0.145,0.1735,8
787,M,0.495,0.385,0.135,0.709,0.211,0.1375,0.262,12
1587,I,0.515,0.395,0.125,0.6635,0.32,0.14,0.17,8
1788,F,0.545,0.415,0.2,1.358,0.567,0.318,0.403,10
2505,I,0.34,0.255,0.075,0.18,0.0745,0.04,0.0525,6
2591,F,0.585,0.45,0.16,0.9045,0.405,0.2215,0.2335,8
3423,F,0.63,0.475,0.15,1.172,0.536,0.254,0.316,11
2360,F,0.545,0.44,0.175,0.7745,0.2985,0.1875,0.265,11
3341,F,0.49,0.39,0.135,0.59,0.215,0.125,0.1845,12
1909,F,0.58,0.45,0.195,0.8265,0.4035,0.173,0.225,9
2768,I,0.56,0.435,0.135,0.72,0.329,0.103,0.251,11
3132,F,0.685,0.53,0.17,1.5105,0.7385,0.3525,0.3725,10
726,M,0.4,0.305,0.085,0.297,0.108,0.0705,0.1,10
2756,I,0.525,0.4,0.13,0.6445,0.345,0.1285,0.2,8
2686,M,0.63,0.505,0.15,1.3165,0.6325,0.2465,0.37,11
282,F,0.455,0.355,0.12,0.4495,0.177,0.104,0.15,9
682,F,0.435,0.325,0.115,0.3915,0.154,0.094,0.12,7
3216,M,0.63,0.51,0.19,1.4985,0.4125,0.3075,0.545,16
502,F,0.62,0.47,0.225,1.115,0.378,0.2145,0.36,15
3456,F,0.61,0.48,0.16,1.234,0.598,0.238,0.315,12
252,F,0.595,0.455,0.155,1.0605,0.5135,0.2165,0.3,12
588,M,0.45,0.335,0.14,0.4625,0.164,0.076,0.15,14
2212,F,0.595,0.495,0.235,1.366,0.5065,0.219,0.52,13
3518,M,0.71,0.57,0.195,1.348,0.8985,0.4435,0.4535,11
3831,F,0.545,0.42,0.175,0.754,0.256,0.1775,0.275,10
3792,F,0.655,0.52,0.175,1.472,0.6275,0.27,0.45,13
1947,M,0.635,0.5,0.165,1.273,0.6535,0.213,0.365,12
1002,F,0.595,0.46,0.14,1.0045,0.4655,0.2095,0.2515,9
2035,M,0.66,0.515,0.195,1.5655,0.7345,0.353,0.386,9
3474,I,0.355,0.265,0.085,0.2435,0.122,0.0525,0.06,6
4139,F,0.635,0.495,0.175,1.2355,0.5205,0.3085,0.347,10
503,F,0.6,0.505,0.19,1.129,0.4385,0.256,0.36,13
2513,F,0.465,0.35,0.135,0.6265,0.259,0.1445,0.175,8
1940,F,0.625,0.52,0.18,1.354,0.4845,0.351,0.375,11
409,M,0.57,0.44,0.095,0.827,0.3395,0.2215,0.235,8
957,M,0.5,0.39,0.135,0.6595,0.3145,0.1535,0.1565,6
755,M,0.62,0.505,0.185,1.5275,0.69,0.368,0.35,13
732,M,0.52,0.4,0.12,0.823,0.298,0.1805,0.265,15
4068,I,0.41,0.305,0.1,0.2645,0.1,0.0655,0.085,7
1999,I,0.35,0.25,0.07,0.1605,0.0715,0.0335,0.046,6
2596,F,0.6,0.46,0.145,0.9325,0.3985,0.2245,0.248,8
3417,M,0.58,0.46,0.15,1.0165,0.491,0.221,0.265,9
3618,M,0.63,0.515,0.17,1.385,0.6355,0.2955,0.38,11
517,M,0.28,0.2,0.08,0.0915,0.033,0.0215,0.03,5
1837,I,0.415,0.31,0.1,0.2805,0.114,0.0565,0.0975,6
4123,I,0.49,0.375,0.115,0.557,0.2275,0.1335,0.1765,8
3788,F,0.63,0.475,0.15,1.072,0.433,0.2975,0.315,8
2209,F,0.55,0.465,0.18,1.2125,0.3245,0.205,0.525,27
3963,I,0.27,0.205,0.075,0.118,0.059,0.031,0.0305,4
468,F,0.68,0.55,0.21,1.7445,0.5975,0.305,0.625,17
1674,M,0.61,0.47,0.17,1.1185,0.5225,0.2405,0.31,9
3273,F,0.475,0.375,0.14,0.501,0.192,0.1175,0.175,13
402,F,0.435,0.325,0.11,0.4335,0.178,0.0985,0.155,7
1751,F,0.71,0.54,0.205,1.5805,0.802,0.287,0.435,10
2092,M,0.53,0.425,0.13,0.7455,0.2995,0.1355,0.245,10
3248,M,0.595,0.5,0.165,1.06,0.402,0.28,0.275,11
3952,I,0.315,0.235,0.08,0.18,0.08,0.045,0.047,5
3995,I,0.245,0.175,0.055,0.0785,0.04,0.018,0.02,5
871,F,0.62,0.505,0.16,1.3725,0.6285,0.275,0.3685,11
2960,F,0.66,0.525,0.18,1.5965,0.7765,0.397,0.3605,10
2431,F,0.635,0.5,0.18,1.312,0.529,0.2485,0.485,18
2030,M,0.59,0.465,0.165,1.115,0.5165,0.273,0.275,10
4130,M,0.58,0.45,0.14,0.824,0.3465,0.1765,0.263,10
30,M,0.58,0.47,0.165,0.9975,0.3935,0.242,0.33,10
1349,M,0.59,0.455,0.155,0.8855,0.388,0.188,0.275,10
2204,M,0.42,0.345,0.105,0.43,0.175,0.096,0.13,7
2524,M,0.58,0.46,0.18,1.145,0.48,0.277,0.325,11
1875,F,0.54,0.425,0.16,0.9455,0.3675,0.2005,0.295,9
3490,M,0.535,0.42,0.16,0.7465,0.348,0.1515,0.2185,10
1082,I,0.435,0.345,0.115,0.418,0.222,0.0735,0.106,7
775,M,0.53,0.41,0.165,0.732,0.189,0.17,0.31,11
883,M,0.66,0.53,0.17,1.3905,0.5905,0.212,0.453,15
2520,M,0.525,0.425,0.19,0.872,0.4625,0.1725,0.199,9
3630,I,0.285,0.225,0.07,0.1005,0.0425,0.0185,0.035,7
1873,I,0.53,0.405,0.12,0.632,0.2715,0.148,0.1875,9
1062,I,0.28,0.21,0.085,0.1075,0.0415,0.024,0.034,5
150,M,0.59,0.475,0.145,1.053,0.4415,0.262,0.325,15
2924,M,0.605,0.49,0.18,1.167,0.457,0.29,0.3745,9
1066,I,0.32,0.225,0.085,0.1415,0.0675,0.0295,0.0405,6
3040,F,0.57,0.47,0.14,0.871,0.385,0.211,0.2315,10
4148,M,0.77,0.605,0.175,2.0505,0.8005,0.526,0.355,11
3204,F,0.665,0.53,0.185,1.3955,0.456,0.3205,0.49,15
2929,I,0.61,0.49,0.16,1.1545,0.5865,0.2385,0.2915,11
1020,M,0.635,0.525,0.185,1.4065,0.684,0.3,0.3745,10
200,F,0.45,0.345,0.12,0.4165,0.1655,0.095,0.135,9
885,F,0.67,0.585,0.16,1.309,0.5445,0.2945,0.413,10
144,M,0.475,0.375,0.13,0.5175,0.2075,0.1165,0.17,10
2786,M,0.61,0.48,0.185,1.3065,0.6895,0.2915,0.29,10
4069,I,0.455,0.335,0.105,0.4055,0.175,0.092,0.1185,8
723,M,0.525,0.41,0.13,0.99,0.3865,0.243,0.295,15
2849,M,0.63,0.49,0.165,1.2005,0.575,0.273,0.294,10
3260,F,0.56,0.435,0.125,0.8775,0.3345,0.2145,0.29,13
1887,I,0.56,0.445,0.165,0.832,0.3455,0.179,0.279,9
2740,I,0.455,0.34,0.115,0.486,0.261,0.0655,0.1315,8
140,F,0.565,0.445,0.155,0.826,0.341,0.2055,0.2475,10
1405,M,0.655,0.535,0.205,1.6445,0.7305,0.3595,0.46,13
3511,M,0.655,0.52,0.18,1.492,0.7185,0.36,0.355,11
842,M,0.5,0.4,0.125,0.5975,0.27,0.1275,0.166,9
1159,M,0.605,0.48,0.17,1.1835,0.582,0.2365,0.317,10
1212,I,0.25,0.185,0.065,0.0685,0.0295,0.014,0.0225,5
133,I,0.35,0.26,0.095,0.211,0.086,0.056,0.068,7
1984,F,0.75,0.55,0.195,1.8325,0.83,0.366,0.44,11
1422,M,0.72,0.575,0.215,2.173,0.9515,0.564,0.5365,12
2122,F,0.435,0.35,0.12,0.4585,0.192,0.1,0.13,11
3498,M,0.59,0.46,0.145,0.929,0.38,0.24,0.255,10
193,I,0.355,0.275,0.085,0.22,0.092,0.06,0.15,8
3318,M,0.165,0.125,0.04,0.0245,0.0095,0.0045,0.008,4
3259,M,0.64,0.505,0.165,1.4435,0.6145,0.3035,0.39,18
2919,F,0.6,0.48,0.17,1.056,0.4575,0.2435,0.3135,10
1264,I,0.455,0.33,0.1,0.372,0.358,0.0775,0.11,8
3152,F,0.47,0.375,0.105,0.513,0.232,0.142,0.13,11
604,I,0.515,0.39,0.14,0.5555,0.2,0.1135,0.2235,12
2274,M,0.695,0.57,0.2,2.033,0.751,0.4255,0.685,15
2670,M,0.59,0.46,0.14,1.004,0.496,0.2165,0.26,9
1577,I,0.49,0.4,0.135,0.624,0.3035,0.1285,0.169,8
2375,M,0.34,0.275,0.09,0.2065,0.0725,0.043,0.07,10
3454,F,0.575,0.46,0.165,1.065,0.4985,0.2145,0.2815,8
181,M,0.64,0.51,0.175,1.368,0.515,0.266,0.57,21
2961,F,0.665,0.51,0.175,1.3805,0.675,0.2985,0.325,10
145,F,0.49,0.38,0.125,0.549,0.245,0.1075,0.174,10
2194,I,0.43,0.325,0.11,0.3675,0.1355,0.0935,0.12,13
3221,M,0.385,0.305,0.09,0.2775,0.109,0.0515,0.1,9
1286,I,0.5,0.395,0.14,0.6215,0.2925,0.1205,0.195,9
3107,I,0.37,0.275,0.1,0.2815,0.1505,0.0505,0.068,5
345,M,0.49,0.39,0.14,0.707,0.2795,0.2185,0.18,13
2354,M,0.635,0.495,0.15,1.081,0.4825,0.242,0.31,11
527,F,0.57,0.445,0.155,0.733,0.282,0.159,0.235,14
2187,M,0.495,0.385,0.135,0.6335,0.2,0.1225,0.26,14
3355,I,0.435,0.34,0.11,0.407,0.1685,0.073,0.13,10
403,F,0.515,0.415,0.14,0.6935,0.3115,0.152,0.2,10
1021,M,0.64,0.505,0.155,1.4025,0.705,0.2655,0.335,10
2842,M,0.6,0.475,0.175,1.11,0.5105,0.256,0.285,9
2548,I,0.275,0.195,0.07,0.0875,0.0345,0.022,0.0255,4
2235,M,0.6,0.48,0.175,1.229,0.4125,0.2735,0.415,13
3,M,0.44,0.365,0.125,0.516,0.2155,0.114,0.155,10
3636,I,0.39,0.29,0.09,0.2745,0.135,0.0455,0.078,8
1857,I,0.505,0.4,0.145,0.7045,0.334,0.1425,0.207,8
207,I,0.435,0.34,0.11,0.3795,0.1495,0.085,0.12,8
786,F,0.515,0.39,0.13,0.5755,0.1975,0.13,0.1845,9
1154,M,0.6,0.455,0.17,1.1915,0.696,0.2395,0.24,8
4092,F,0.625,0.49,0.19,1.7015,0.7465,0.4105,0.3855,11
425,M,0.58,0.45,0.175,1.068,0.425,0.203,0.32,13
2903,F,0.575,0.425,0.15,0.8765,0.455,0.18,0.228,8
2853,F,0.645,0.49,0.16,1.144,0.5015,0.289,0.319,8
2211,M,0.565,0.47,0.195,1.142,0.387,0.258,0.35,17
2019,I,0.51,0.455,0.135,0.6855,0.2875,0.154,0.2035,9
3834,M,0.335,0.26,0.075,0.22,0.0855,0.04,0.085,6
1631,I,0.57,0.445,0.145,0.7405,0.306,0.172,0.1825,12
4020,F,0.68,0.55,0.175,1.473,0.713,0.282,0.4295,11
3291,M,0.53,0.405,0.13,0.738,0.2845,0.17,0.193,9
66,F,0.565,0.44,0.16,0.915,0.354,0.1935,0.32,12
713,M,0.355,0.265,0.085,0.201,0.069,0.053,0.0695,8
2005,I,0.395,0.29,0.095,0.3,0.158,0.068,0.078,7
634,M,0.36,0.295,0.1,0.2105,0.066,0.0525,0.075,9
932,I,0.445,0.35,0.13,0.4195,0.1695,0.0945,0.1195,7
2821,I,0.39,0.29,0.09,0.2625,0.117,0.054,0.077,7
244,I,0.33,0.255,0.085,0.1655,0.063,0.039,0.06,8
3780,M,0.615,0.48,0.185,1.2205,0.4985,0.315,0.33,10
1918,F,0.6,0.465,0.16,1.133,0.466,0.2885,0.298,11
3926,I,0.58,0.42,0.16,0.728,0.2725,0.19,0.19,14
929,I,0.44,0.345,0.13,0.4495,0.209,0.0835,0.134,6
4056,M,0.645,0.51,0.165,1.403,0.5755,0.2515,0.4545,11
1085,I,0.445,0.34,0.145,0.434,0.1945,0.0905,0.13,7
301,F,0.54,0.435,0.175,0.892,0.322,0.174,0.335,13
2401,F,0.585,0.415,0.155,0.6985,0.3,0.146,0.195,12
2096,M,0.5,0.39,0.145,0.651,0.273,0.132,0.22,11
3810,I,0.525,0.4,0.125,0.5655,0.2435,0.119,0.175,8
1843,I,0.435,0.33,0.105,0.335,0.156,0.0555,0.105,8
3264,F,0.655,0.5,0.14,1.1705,0.5405,0.3175,0.285,12
3274,F,0.5,0.405,0.14,0.6735,0.265,0.124,0.25,18
1570,M,0.475,0.36,0.1,0.4285,0.1965,0.099,0.112,7
2469,M,0.54,0.415,0.13,0.8245,0.272,0.226,0.24,13
1360,I,0.605,0.435,0.13,0.9025,0.432,0.174,0.26,11
1874,I,0.535,0.455,0.14,1.0015,0.53,0.1765,0.244,9
2626,I,0.22,0.16,0.05,0.049,0.0215,0.01,0.015,4
556,I,0.525,0.405,0.15,0.795,0.3075,0.205,0.255,14
3855,M,0.41,0.335,0.115,0.4405,0.19,0.085,0.135,8
3541,I,0.45,0.35,0.11,0.514,0.253,0.1045,0.14,8
2104,F,0.49,0.385,0.125,0.5395,0.2175,0.128,0.165,11
293,F,0.565,0.455,0.175,1.013,0.342,0.207,0.35,19
1392,M,0.635,0.475,0.17,1.1935,0.5205,0.2695,0.3665,10
2568,I,0.46,0.345,0.12,0.4155,0.198,0.0885,0.107,7
651,I,0.335,0.245,0.09,0.1665,0.0595,0.04,0.06,6
2651,I,0.51,0.385,0.15,0.625,0.3095,0.119,0.1725,8
3820,M,0.57,0.44,0.145,0.8815,0.3605,0.1955,0.2735,10
2584,M,0.54,0.435,0.14,0.7345,0.33,0.1595,0.213,9
2630,I,0.355,0.285,0.095,0.2275,0.0955,0.0475,0.0715,6
2607,F,0.625,0.49,0.165,1.127,0.477,0.2365,0.3185,9
2913,M,0.59,0.5,0.15,1.142,0.485,0.265,0.345,9
1916,M,0.6,0.46,0.17,1.1805,0.456,0.337,0.329,11
3587,M,0.635,0.495,0.17,1.3695,0.657,0.3055,0.365,10
1129,M,0.56,0.415,0.145,0.852,0.43,0.1885,0.205,8
1589,I,0.52,0.41,0.145,0.646,0.2965,0.1595,0.165,9
1307,I,0.545,0.435,0.135,0.7715,0.372,0.148,0.227,8
1169,F,0.62,0.48,0.16,1.1125,0.5635,0.2445,0.281,8
3442,M,0.48,0.37,0.13,0.643,0.349,0.1155,0.135,8
1375,F,0.615,0.475,0.155,1.115,0.484,0.2115,0.355,10
272,M,0.62,0.485,0.205,1.219,0.3875,0.2505,0.385,14
2613,F,0.635,0.495,0.195,1.297,0.556,0.2985,0.37,11
3950,F,0.53,0.425,0.13,0.717,0.2115,0.166,0.255,13
1958,I,0.65,0.52,0.15,1.238,0.5495,0.296,0.3305,10
3808,M,0.515,0.385,0.13,0.623,0.2855,0.1285,0.175,10
564,F,0.47,0.355,0.13,0.5465,0.2005,0.126,0.185,14
2023,F,0.53,0.405,0.13,0.6355,0.2635,0.1565,0.185,9
2345,F,0.71,0.565,0.195,1.7265,0.638,0.3365,0.565,17
1157,F,0.605,0.47,0.165,1.1775,0.611,0.2275,0.292,9
3272,M,0.465,0.36,0.125,0.4365,0.169,0.1075,0.145,11
4033,I,0.495,0.385,0.125,0.5125,0.2075,0.1155,0.172,10
154,F,0.565,0.45,0.135,0.9885,0.387,0.1495,0.31,12
3517,F,0.7,0.56,0.175,1.6605,0.8605,0.3275,0.398,11
456,F,0.64,0.54,0.175,1.221,0.51,0.259,0.39,15
18,M,0.365,0.295,0.08,0.2555,0.097,0.043,0.1,7
3285,F,0.665,0.57,0.185,1.522,0.6965,0.3025,0.405,13
999,F,0.595,0.47,0.155,1.121,0.4515,0.178,0.155,11
1283,I,0.5,0.375,0.145,0.5795,0.239,0.1375,0.185,9
3096,F,0.53,0.395,0.115,0.5685,0.249,0.1375,0.161,9
2494,M,0.4,0.305,0.13,0.2935,0.096,0.0675,0.105,9
3859,F,0.57,0.44,0.19,1.018,0.447,0.207,0.265,9
924,I,0.425,0.315,0.1,0.377,0.1645,0.072,0.105,6
3817,M,0.475,0.385,0.12,0.562,0.289,0.0905,0.153,8
1399,F,0.65,0.505,0.165,1.16,0.4785,0.274,0.349,11
963,M,0.505,0.41,0.125,0.642,0.289,0.133,0.155,9
1508,M,0.645,0.51,0.155,1.539,0.6405,0.3585,0.43,11
2137,F,0.59,0.455,0.175,0.966,0.391,0.2455,0.31,10
2905,M,0.575,0.45,0.165,0.9655,0.498,0.19,0.23,8
520,M,0.21,0.15,0.05,0.0385,0.0155,0.0085,0.01,3
3389,M,0.565,0.465,0.15,1.1285,0.377,0.3525,0.33,16
3269,F,0.595,0.465,0.145,1.107,0.402,0.2415,0.31,12
3547,I,0.48,0.355,0.125,0.494,0.2385,0.0835,0.15,9
523,M,0.2,0.14,0.055,0.035,0.0145,0.008,0.01,5
572,F,0.59,0.455,0.155,1.066,0.382,0.2275,0.415,20
1769,M,0.445,0.32,0.12,0.414,0.199,0.09,0.117,7
3130,M,0.67,0.515,0.165,1.1735,0.526,0.285,0.316,11
3166,F,0.64,0.54,0.175,1.571,0.627,0.271,0.475,18
3435,I,0.375,0.285,0.09,0.257,0.1045,0.062,0.075,7
2700,M,0.67,0.51,0.18,1.68,0.926,0.2975,0.3935,13
2504,I,0.31,0.24,0.105,0.2885,0.118,0.065,0.083,6
501,F,0.62,0.52,0.225,1.1835,0.378,0.27,0.395,23
2214,F,0.43,0.325,0.12,0.445,0.165,0.0995,0.155,8
645,I,0.445,0.33,0.12,0.347,0.12,0.084,0.105,11
251,M,0.59,0.47,0.18,1.1235,0.4205,0.2805,0.36,13
3994,I,0.185,0.135,0.045,0.032,0.011,0.0065,0.01,4
346,F,0.525,0.42,0.16,0.756,0.2745,0.173,0.275,9
2298,I,0.415,0.325,0.1,0.385,0.167,0.08,0.125,7
875,M,0.63,0.505,0.165,1.26,0.4525,0.2755,0.406,14
4172,F,0.565,0.45,0.165,0.887,0.37,0.239,0.249,11
1700,M,0.635,0.5,0.17,1.4345,0.611,0.309,0.418,12
50,I,0.52,0.41,0.12,0.595,0.2385,0.111,0.19,8
414,F,0.605,0.495,0.17,1.2385,0.528,0.2465,0.39,14
1897,M,0.57,0.415,0.13,0.88,0.4275,0.1955,0.238,13
690,M,0.5,0.375,0.15,0.636,0.2535,0.145,0.19,10
3694,M,0.65,0.495,0.16,1.2075,0.55,0.2695,0.32,10
3575,M,0.6,0.47,0.15,0.928,0.4225,0.183,0.275,8
3098,F,0.55,0.43,0.15,0.655,0.2635,0.122,0.221,8
3334,I,0.39,0.3,0.105,0.259,0.0955,0.038,0.085,8
2984,F,0.535,0.4,0.15,1.224,0.618,0.275,0.2875,10
3112,I,0.415,0.32,0.115,0.3045,0.1215,0.0735,0.094,7
2266,F,0.635,0.51,0.175,1.2125,0.5735,0.261,0.36,14
446,M,0.565,0.435,0.185,0.9815,0.329,0.136,0.39,13
3822,F,0.605,0.48,0.175,1.1685,0.4815,0.2305,0.356,9
1698,M,0.63,0.495,0.175,1.2695,0.605,0.271,0.328,11
3246,M,0.55,0.435,0.16,0.906,0.342,0.219,0.295,13
1272,I,0.475,0.355,0.1,0.5035,0.2535,0.091,0.14,8
696,I,0.155,0.105,0.05,0.0175,0.005,0.0035,0.005,4
209,I,0.37,0.28,0.095,0.2655,0.122,0.052,0.08,7
105,F,0.52,0.41,0.155,0.727,0.291,0.1835,0.235,12
3473,I,0.21,0.15,0.055,0.0455,0.02,0.0065,0.013,4
2011,M,0.45,0.33,0.105,0.4955,0.2575,0.082,0.129,8
2869,I,0.37,0.28,0.085,0.198,0.0805,0.0455,0.058,5
630,I,0.475,0.365,0.115,0.49,0.223,0.1235,0.1335,9
3716,I,0.235,0.13,0.075,0.1585,0.0685,0.037,0.0465,5
1656,F,0.6,0.475,0.15,1.13,0.575,0.196,0.305,9
2150,M,0.445,0.355,0.11,0.4415,0.1805,0.1035,0.1505,10
2034,F,0.625,0.515,0.18,1.3485,0.5255,0.252,0.3925,14
3125,M,0.585,0.46,0.15,1.206,0.581,0.216,0.323,10
3533,I,0.4,0.31,0.115,0.314,0.1545,0.0595,0.087,6
290,M,0.54,0.435,0.18,0.996,0.3835,0.226,0.325,17
2695,M,0.65,0.51,0.155,1.407,0.7215,0.298,0.335,9
3353,I,0.475,0.365,0.14,0.4545,0.171,0.118,0.158,8
3388,M,0.74,0.535,0.185,1.65,0.734,0.4505,0.335,13
1794,I,0.575,0.45,0.13,0.8145,0.403,0.1715,0.213,10
3085,I,0.255,0.185,0.06,0.0925,0.039,0.021,0.025,6
2855,F,0.655,0.515,0.155,1.309,0.524,0.346,0.385,11
628,I,0.53,0.415,0.145,0.944,0.3845,0.185,0.265,21
3115,I,0.44,0.34,0.12,0.4995,0.2965,0.0945,0.1185,6
1119,I,0.54,0.42,0.14,0.6665,0.3125,0.138,0.1895,10
1253,I,0.42,0.305,0.09,0.328,0.168,0.0615,0.082,6
2471,M,0.565,0.44,0.175,1.122,0.393,0.2,0.375,20
3781,M,0.615,0.455,0.13,0.9685,0.49,0.182,0.2655,10
1538,I,0.355,0.27,0.075,0.1775,0.079,0.0315,0.054,6
3450,F,0.525,0.44,0.125,0.7115,0.3205,0.159,0.1915,7
3138,M,0.51,0.4,0.14,0.6905,0.259,0.151,0.23,10
141,F,0.55,0.45,0.145,0.741,0.295,0.1435,0.2665,10
1987,I,0.16,0.11,0.025,0.0195,0.0075,0.005,0.006,4
629,M,0.34,0.265,0.085,0.1835,0.077,0.046,0.065,10
2735,I,0.42,0.315,0.11,0.4025,0.1855,0.083,0.1015,8
671,F,0.5,0.38,0.155,0.655,0.2405,0.143,0.205,17
1806,M,0.625,0.49,0.185,1.169,0.5275,0.2535,0.344,11
2789,F,0.62,0.465,0.14,1.1605,0.6005,0.2195,0.307,9
739,M,0.445,0.345,0.09,0.3795,0.143,0.074,0.125,10
2806,F,0.675,0.525,0.17,1.711,0.8365,0.352,0.475,9
1963,M,0.655,0.52,0.17,1.1445,0.53,0.223,0.348,9
1276,I,0.48,0.355,0.115,0.4725,0.2065,0.112,0.132,8
2743,I,0.475,0.355,0.115,0.5195,0.279,0.088,0.1325,7
1124,F,0.55,0.43,0.15,0.84,0.395,0.195,0.223,8
1980,F,0.705,0.535,0.22,1.866,0.929,0.3835,0.4395,10
3308,M,0.275,0.2,0.08,0.099,0.037,0.024,0.03,5
955,M,0.495,0.395,0.135,0.6335,0.3035,0.1295,0.1495,8
3304,F,0.57,0.435,0.14,0.8085,0.3235,0.183,0.22,16
2574,M,0.48,0.37,0.1,0.5135,0.243,0.1015,0.135,8
737,F,0.52,0.405,0.125,0.6435,0.2415,0.1735,0.21,12
881,M,0.655,0.52,0.165,1.4095,0.586,0.291,0.405,9
4093,M,0.63,0.485,0.18,1.2435,0.5175,0.308,0.37,11
3141,I,0.18,0.135,0.08,0.033,0.0145,0.007,0.01,5
407,M,0.59,0.485,0.12,0.911,0.39,0.182,0.29,16
1962,F,0.655,0.525,0.175,1.348,0.5855,0.2605,0.394,10
253,F,0.575,0.46,0.185,1.094,0.4485,0.217,0.345,15
1649,I,0.59,0.45,0.145,1.022,0.428,0.268,0.265,10
1268,I,0.465,0.34,0.11,0.346,0.1425,0.073,0.113,11
1910,F,0.58,0.5,0.165,0.925,0.37,0.185,0.3005,10
1367,M,0.61,0.48,0.17,1.137,0.4565,0.29,0.347,10
1435,I,0.385,0.3,0.09,0.247,0.1225,0.044,0.0675,5
939,I,0.46,0.36,0.1,0.4635,0.2325,0.093,0.115,7
3187,F,0.51,0.385,0.135,0.632,0.282,0.145,0.17,8
3110,I,0.395,0.3,0.12,0.2995,0.1265,0.068,0.0895,8
3825,M,0.625,0.47,0.17,1.1665,0.4605,0.2565,0.3945,11
1981,F,0.72,0.575,0.18,1.6705,0.732,0.3605,0.501,12
213,M,0.5,0.405,0.14,0.6155,0.241,0.1355,0.205,9
2446,F,0.55,0.435,0.17,0.884,0.2875,0.1645,0.28,14
330,M,0.5,0.38,0.155,0.5955,0.2135,0.161,0.2,12
601,F,0.385,0.315,0.11,0.286,0.1225,0.0635,0.0835,10
3917,I,0.615,0.46,0.19,1.066,0.4335,0.226,0.33,13
2252,F,0.57,0.46,0.17,1.1,0.4125,0.2205,0.38,14
4091,M,0.625,0.5,0.18,1.3705,0.645,0.303,0.3705,12
1274,I,0.475,0.36,0.11,0.492,0.211,0.11,0.15,8
1936,M,0.625,0.495,0.155,1.0485,0.487,0.212,0.3215,11
2854,F,0.65,0.525,0.19,1.385,0.8875,0.3095,0.405,11
2723,I,0.385,0.3,0.125,0.343,0.1705,0.0735,0.081,7
956,M,0.495,0.4,0.135,0.61,0.272,0.1435,0.144,7
1591,M,0.525,0.415,0.145,0.845,0.3525,0.1635,0.2875,8
2953,F,0.645,0.52,0.17,1.197,0.526,0.2925,0.317,11
2803,M,0.65,0.51,0.175,1.446,0.6485,0.2705,0.45,12
2837,F,0.58,0.445,0.135,0.95,0.484,0.182,0.2325,8
1231,I,0.365,0.265,0.085,0.213,0.0945,0.049,0.06,7
4045,M,0.59,0.45,0.16,0.998,0.445,0.214,0.301,9
2887,I,0.51,0.4,0.145,0.5775,0.231,0.143,0.177,9
47,F,0.46,0.375,0.12,0.4605,0.1775,0.11,0.15,7
798,M,0.52,0.42,0.16,0.745,0.255,0.157,0.2885,11
683,M,0.535,0.405,0.185,0.8345,0.3175,0.1725,0.29,16
1146,M,0.58,0.445,0.135,0.814,0.3775,0.1915,0.22,9
3131,M,0.675,0.505,0.16,1.532,0.74,0.357,0.3815,11
740,M,0.53,0.44,0.205,0.835,0.32,0.2175,0.245,14
1934,M,0.62,0.47,0.15,1.309,0.587,0.4405,0.325,9
1112,F,0.52,0.46,0.15,1.019,0.523,0.1985,0.254,7
1318,I,0.555,0.43,0.14,0.7665,0.341,0.165,0.23,9
1822,M,0.72,0.56,0.18,1.5865,0.691,0.375,0.4425,11
914,I,0.37,0.28,0.095,0.2865,0.1505,0.069,0.0795,7
3941,F,0.54,0.44,0.16,1.0905,0.391,0.2295,0.355,15
4111,I,0.515,0.4,0.14,0.7165,0.3495,0.1595,0.1785,8
4122,I,0.46,0.365,0.11,0.4495,0.1755,0.102,0.15,8
1485,F,0.59,0.46,0.145,0.9905,0.453,0.2205,0.275,8
3784,M,0.62,0.48,0.155,1.2555,0.527,0.374,0.3175,11
1055,I,0.195,0.135,0.04,0.0325,0.0135,0.005,0.0095,4
1192,M,0.7,0.565,0.18,1.751,0.895,0.3355,0.446,9
750,F,0.51,0.39,0.105,0.612,0.187,0.15,0.195,13
1371,M,0.615,0.5,0.17,1.054,0.4845,0.228,0.295,10
613,I,0.495,0.37,0.125,0.4775,0.185,0.0705,0.169,18
2934,F,0.62,0.475,0.15,0.9545,0.455,0.1865,0.277,9
1527,M,0.72,0.565,0.2,2.1055,1.017,0.363,0.494,12
2579,M,0.525,0.415,0.135,0.7945,0.394,0.189,0.202,7
79,F,0.615,0.475,0.17,1.1025,0.4695,0.2355,0.345,14
1265,I,0.46,0.36,0.105,0.466,0.2225,0.099,0.11,7
2911,F,0.58,0.44,0.125,0.7855,0.363,0.1955,0.195,11
3910,M,0.455,0.355,0.135,0.4745,0.1865,0.0935,0.168,13
4121,I,0.455,0.35,0.13,0.4725,0.215,0.0745,0.15,9
2120,M,0.425,0.325,0.1,0.3295,0.1365,0.0725,0.11,7
543,M,0.445,0.35,0.115,0.3615,0.1565,0.0695,0.117,8
2811,M,0.725,0.57,0.19,2.3305,1.253,0.541,0.52,9
1121,M,0.545,0.41,0.12,0.793,0.434,0.1405,0.19,9
1820,F,0.705,0.545,0.18,1.5395,0.6075,0.3675,0.4645,13
448,M,0.605,0.5,0.175,1.098,0.4765,0.232,0.375,12
2147,M,0.46,0.375,0.135,0.4935,0.186,0.0845,0.17,12
1892,M,0.565,0.45,0.16,0.895,0.415,0.195,0.246,9
2708,M,0.735,0.57,0.175,1.88,0.9095,0.387,0.488,11
4001,I,0.48,0.35,0.105,0.635,0.352,0.127,0.135,6
2025,F,0.55,0.47,0.15,0.9205,0.381,0.2435,0.2675,10
925,I,0.43,0.325,0.1,0.3645,0.1575,0.0825,0.105,7
2926,I,0.61,0.425,0.155,1.0485,0.507,0.1955,0.274,11
3753,I,0.475,0.36,0.11,0.452,0.191,0.099,0.13,8
458,I,0.415,0.31,0.11,0.2965,0.123,0.057,0.0995,10
3971,I,0.4,0.295,0.095,0.252,0.1105,0.0575,0.066,6
37,F,0.45,0.355,0.105,0.5225,0.237,0.1165,0.145,8
2580,M,0.525,0.425,0.125,0.812,0.4035,0.1705,0.195,8
3499,F,0.595,0.47,0.165,1.0155,0.491,0.1905,0.289,9
519,F,0.345,0.25,0.09,0.203,0.078,0.059,0.055,6
2566,F,0.455,0.35,0.12,0.4555,0.1945,0.1045,0.1375,7
245,I,0.35,0.26,0.085,0.174,0.0705,0.0345,0.06,10
2276,F,0.62,0.48,0.23,1.0935,0.403,0.245,0.355,14
692,F,0.43,0.325,0.115,0.3865,0.1475,0.1065,0.11,11
3092,M,0.51,0.395,0.125,0.5805,0.244,0.1335,0.188,11
2938,F,0.625,0.5,0.16,1.217,0.5725,0.207,0.355,11
238,I,0.11,0.09,0.03,0.008,0.0025,0.002,0.003,3
1703,F,0.64,0.505,0.165,1.2235,0.5215,0.2695,0.36,10
717,I,0.25,0.19,0.06,0.0765,0.036,0.0115,0.0245,6
3561,I,0.57,0.42,0.13,0.7745,0.3535,0.1505,0.2365,9
3063,F,0.635,0.49,0.155,1.145,0.4775,0.3035,0.3155,9
2100,I,0.37,0.29,0.1,0.25,0.1025,0.0505,0.085,10
1188,F,0.69,0.54,0.155,1.454,0.624,0.3105,0.39,9
2532,F,0.625,0.49,0.155,1.33,0.6675,0.259,0.33,10
1089,I,0.45,0.33,0.105,0.3715,0.1865,0.0785,0.0975,7
2734,I,0.42,0.325,0.115,0.314,0.1295,0.0635,0.1,8
791,F,0.485,0.375,0.135,0.556,0.1925,0.1315,0.1685,10
3508,F,0.64,0.475,0.175,1.1545,0.4865,0.341,0.288,9
2168,M,0.335,0.235,0.085,0.1545,0.066,0.0345,0.045,6
3911,I,0.355,0.27,0.1,0.216,0.083,0.037,0.075,10
220,F,0.445,0.325,0.125,0.455,0.1785,0.1125,0.14,9
1321,I,0.56,0.425,0.145,0.688,0.3095,0.1305,0.2165,9
1959,F,0.65,0.51,0.155,1.189,0.483,0.278,0.3645,13
3801,I,0.205,0.155,0.045,0.0495,0.0235,0.011,0.014,3
3448,M,0.52,0.39,0.12,0.6435,0.2885,0.157,0.161,7
3835,F,0.425,0.35,0.1,0.4425,0.175,0.0755,0.175,7
1596,I,0.53,0.42,0.12,0.5965,0.2555,0.141,0.177,7
1339,F,0.58,0.445,0.15,0.858,0.4,0.156,0.253,8
2306,F,0.65,0.5,0.165,1.1445,0.485,0.218,0.365,12
1598,I,0.53,0.4,0.145,0.555,0.1935,0.1305,0.195,9
927,I,0.435,0.325,0.12,0.3995,0.1815,0.061,0.1125,8
930,I,0.44,0.325,0.09,0.35,0.148,0.067,0.105,7
592,I,0.525,0.41,0.175,0.874,0.3585,0.207,0.205,18
3209,I,0.43,0.34,0.125,0.384,0.1375,0.061,0.146,14
1153,F,0.6,0.475,0.16,1.0265,0.485,0.2495,0.2565,9
3709,M,0.685,0.55,0.19,1.885,0.89,0.41,0.4895,10
3938,F,0.35,0.275,0.065,0.205,0.0745,0.0465,0.07,10
1,M,0.35,0.265,0.09,0.2255,0.0995,0.0485,0.07,7
507,M,0.585,0.455,0.225,1.055,0.3815,0.221,0.365,15
2282,F,0.495,0.385,0.13,0.6905,0.3125,0.179,0.175,10
3766,F,0.555,0.44,0.14,0.846,0.346,0.1715,0.2735,10
1122,M,0.545,0.415,0.14,0.82,0.4615,0.127,0.218,9
1512,F,0.65,0.5,0.16,1.3825,0.702,0.304,0.3195,9
659,F,0.585,0.475,0.185,0.9585,0.4145,0.1615,0.33,11
2409,F,0.64,0.5,0.15,1.0705,0.371,0.2705,0.36,8
184,F,0.645,0.51,0.2,1.5675,0.621,0.367,0.46,12
2795,M,0.63,0.47,0.15,1.1355,0.539,0.2325,0.3115,12
2243,M,0.465,0.36,0.13,0.5265,0.2105,0.1185,0.165,10
3072,F,0.66,0.53,0.18,1.5175,0.7765,0.302,0.401,10
3654,I,0.53,0.42,0.14,0.6765,0.256,0.1855,0.208,9
2269,M,0.57,0.45,0.16,0.8615,0.3725,0.2175,0.255,12
2638,I,0.46,0.345,0.11,0.3755,0.1525,0.058,0.125,7
2661,M,0.565,0.43,0.13,0.784,0.3495,0.1885,0.213,9
4157,M,0.475,0.36,0.14,0.5135,0.241,0.1045,0.155,8
1161,M,0.61,0.485,0.16,1.0145,0.5315,0.212,0.2415,8
1606,I,0.54,0.425,0.13,0.7205,0.2955,0.169,0.225,10
1995,I,0.32,0.24,0.07,0.133,0.0585,0.0255,0.041,6
225,F,0.5,0.37,0.135,0.45,0.1715,0.1055,0.155,9
1414,M,0.685,0.545,0.205,1.7925,0.8145,0.416,0.461,9
1965,M,0.66,0.51,0.175,1.218,0.5055,0.303,0.37,11
1016,M,0.63,0.485,0.155,1.278,0.637,0.275,0.31,8
1948,M,0.635,0.515,0.165,1.229,0.5055,0.2975,0.3535,10
4046,M,0.6,0.46,0.155,0.6655,0.285,0.149,0.269,11
34,F,0.705,0.55,0.2,1.7095,0.633,0.4115,0.49,13
2281,I,0.485,0.415,0.14,0.5705,0.25,0.134,0.185,8
3111,I,0.41,0.325,0.105,0.361,0.1605,0.0665,0.103,8
2860,F,0.72,0.55,0.18,1.52,0.637,0.325,0.435,10
4043,F,0.58,0.46,0.135,0.926,0.4025,0.208,0.275,8
1350,F,0.595,0.465,0.15,0.98,0.4115,0.196,0.2255,10
1529,M,0.74,0.57,0.18,1.8725,0.9115,0.427,0.446,10
3407,I,0.35,0.265,0.08,0.192,0.081,0.0465,0.053,6
1133,M,0.57,0.46,0.15,1.0375,0.5415,0.2035,0.25,9
539,F,0.375,0.29,0.115,0.2705,0.093,0.066,0.0885,10
1779,M,0.5,0.37,0.15,1.0615,0.494,0.223,0.296,9
421,I,0.49,0.38,0.12,0.529,0.2165,0.139,0.155,11
3215,F,0.62,0.485,0.175,1.271,0.531,0.3075,0.37,11
1638,I,0.575,0.445,0.17,0.8015,0.3475,0.1465,0.25,9
